CALENDAR_YEAR,COC_ID,COC_NAME,AGE_GROUP_PUBLIC,EXPERIENCING_HOMELESSNESS_CNT
2017,All,California,18-24,15862
2017,All,California,25-34,28339
2017,All,California,35-44,25556
2017,All,California,45-54,27441
2017,All,California,55-64,23220
2017,All,California,65+,7031
2017,All,California,Under 18,50802
2017,All,California,Unknown,5983
2017,CA-500,Santa Clara County CoC,18-24,818
2017,CA-500,Santa Clara County CoC,25-34,1571
2017,CA-500,Santa Clara County CoC,35-44,1515
2017,CA-500,Santa Clara County CoC,45-54,1757
2017,CA-500,Santa Clara County CoC,55-64,1560
2017,CA-500,Santa Clara County CoC,65+,489
2017,CA-500,Santa Clara County CoC,Under 18,2494
2017,CA-500,Santa Clara County CoC,Unknown,120
2017,CA-501,San Francisco CoC,18-24,457
2017,CA-501,San Francisco CoC,25-34,488
2017,CA-501,San Francisco CoC,35-44,507
2017,CA-501,San Francisco CoC,45-54,608
2017,CA-501,San Francisco CoC,55-64,525
2017,CA-501,San Francisco CoC,65+,179
2017,CA-501,San Francisco CoC,Under 18,1547
2017,CA-501,San Francisco CoC,Unknown,130
2017,CA-502,Alameda County CoC,18-24,805
2017,CA-502,Alameda County CoC,25-34,929
2017,CA-502,Alameda County CoC,35-44,789
2017,CA-502,Alameda County CoC,45-54,960
2017,CA-502,Alameda County CoC,55-64,887
2017,CA-502,Alameda County CoC,65+,286
2017,CA-502,Alameda County CoC,Under 18,1915
2017,CA-502,Alameda County CoC,Unknown,142
2017,CA-503,Sacramento County CoC,18-24,747
2017,CA-503,Sacramento County CoC,25-34,1582
2017,CA-503,Sacramento County CoC,35-44,1404
2017,CA-503,Sacramento County CoC,45-54,1502
2017,CA-503,Sacramento County CoC,55-64,1062
2017,CA-503,Sacramento County CoC,65+,268
2017,CA-503,Sacramento County CoC,Under 18,3692
2017,CA-503,Sacramento County CoC,Unknown,163
2017,CA-504,Sonoma County CoC,18-24,298
2017,CA-504,Sonoma County CoC,25-34,462
2017,CA-504,Sonoma County CoC,35-44,468
2017,CA-504,Sonoma County CoC,45-54,521
2017,CA-504,Sonoma County CoC,55-64,500
2017,CA-504,Sonoma County CoC,65+,155
2017,CA-504,Sonoma County CoC,Under 18,706
2017,CA-504,Sonoma County CoC,Unknown,30
2017,CA-505,Contra Costa County CoC,18-24,333
2017,CA-505,Contra Costa County CoC,25-34,766
2017,CA-505,Contra Costa County CoC,35-44,779
2017,CA-505,Contra Costa County CoC,45-54,843
2017,CA-505,Contra Costa County CoC,55-64,750
2017,CA-505,Contra Costa County CoC,65+,259
2017,CA-505,Contra Costa County CoC,Under 18,1061
2017,CA-505,Contra Costa County CoC,Unknown,56
2017,CA-506,"Monterey, San Benito Counties CoC",18-24,56
2017,CA-506,"Monterey, San Benito Counties CoC",25-34,55
2017,CA-506,"Monterey, San Benito Counties CoC",35-44,52
2017,CA-506,"Monterey, San Benito Counties CoC",45-54,71
2017,CA-506,"Monterey, San Benito Counties CoC",55-64,103
2017,CA-506,"Monterey, San Benito Counties CoC",65+,48
2017,CA-506,"Monterey, San Benito Counties CoC",Under 18,70
2017,CA-506,"Monterey, San Benito Counties CoC",Unknown,*
2017,CA-507,Marin County CoC,18-24,102
2017,CA-507,Marin County CoC,25-34,250
2017,CA-507,Marin County CoC,35-44,281
2017,CA-507,Marin County CoC,45-54,316
2017,CA-507,Marin County CoC,55-64,287
2017,CA-507,Marin County CoC,65+,110
2017,CA-507,Marin County CoC,Under 18,294
2017,CA-507,Marin County CoC,Unknown,15
2017,CA-508,Santa Cruz County CoC,18-24,116
2017,CA-508,Santa Cruz County CoC,25-34,297
2017,CA-508,Santa Cruz County CoC,35-44,278
2017,CA-508,Santa Cruz County CoC,45-54,314
2017,CA-508,Santa Cruz County CoC,55-64,292
2017,CA-508,Santa Cruz County CoC,65+,115
2017,CA-508,Santa Cruz County CoC,Under 18,464
2017,CA-508,Santa Cruz County CoC,Unknown,44
2017,CA-509,Mendocino County CoC,18-24,88
2017,CA-509,Mendocino County CoC,25-34,126
2017,CA-509,Mendocino County CoC,35-44,129
2017,CA-509,Mendocino County CoC,45-54,145
2017,CA-509,Mendocino County CoC,55-64,120
2017,CA-509,Mendocino County CoC,65+,44
2017,CA-509,Mendocino County CoC,Under 18,60
2017,CA-509,Mendocino County CoC,Unknown,*
2017,CA-510,Stanislaus County CoC,18-24,542
2017,CA-510,Stanislaus County CoC,25-34,987
2017,CA-510,Stanislaus County CoC,35-44,863
2017,CA-510,Stanislaus County CoC,45-54,678
2017,CA-510,Stanislaus County CoC,55-64,481
2017,CA-510,Stanislaus County CoC,65+,134
2017,CA-510,Stanislaus County CoC,Under 18,2455
2017,CA-510,Stanislaus County CoC,Unknown,128
2017,CA-511,San Joaquin County CoC,18-24,773
2017,CA-511,San Joaquin County CoC,25-34,1650
2017,CA-511,San Joaquin County CoC,35-44,1218
2017,CA-511,San Joaquin County CoC,45-54,1043
2017,CA-511,San Joaquin County CoC,55-64,756
2017,CA-511,San Joaquin County CoC,65+,242
2017,CA-511,San Joaquin County CoC,Under 18,3838
2017,CA-511,San Joaquin County CoC,Unknown,184
2017,CA-512,San Mateo County CoC,18-24,307
2017,CA-512,San Mateo County CoC,25-34,685
2017,CA-512,San Mateo County CoC,35-44,614
2017,CA-512,San Mateo County CoC,45-54,672
2017,CA-512,San Mateo County CoC,55-64,627
2017,CA-512,San Mateo County CoC,65+,186
2017,CA-512,San Mateo County CoC,Under 18,1204
2017,CA-512,San Mateo County CoC,Unknown,72
2017,CA-513,"Kings, Tulare Counties CoC",18-24,283
2017,CA-513,"Kings, Tulare Counties CoC",25-34,608
2017,CA-513,"Kings, Tulare Counties CoC",35-44,556
2017,CA-513,"Kings, Tulare Counties CoC",45-54,438
2017,CA-513,"Kings, Tulare Counties CoC",55-64,284
2017,CA-513,"Kings, Tulare Counties CoC",65+,79
2017,CA-513,"Kings, Tulare Counties CoC",Under 18,777
2017,CA-513,"Kings, Tulare Counties CoC",Unknown,41
2017,CA-514,"Fresno, Madera Counties CoC",18-24,145
2017,CA-514,"Fresno, Madera Counties CoC",25-34,245
2017,CA-514,"Fresno, Madera Counties CoC",35-44,222
2017,CA-514,"Fresno, Madera Counties CoC",45-54,272
2017,CA-514,"Fresno, Madera Counties CoC",55-64,283
2017,CA-514,"Fresno, Madera Counties CoC",65+,77
2017,CA-514,"Fresno, Madera Counties CoC",Under 18,609
2017,CA-514,"Fresno, Madera Counties CoC",Unknown,26
2017,CA-515,Placer County CoC,18-24,94
2017,CA-515,Placer County CoC,25-34,218
2017,CA-515,Placer County CoC,35-44,220
2017,CA-515,Placer County CoC,45-54,233
2017,CA-515,Placer County CoC,55-64,198
2017,CA-515,Placer County CoC,65+,55
2017,CA-515,Placer County CoC,Under 18,253
2017,CA-515,Placer County CoC,Unknown,17
2017,CA-516,"Shasta, Siskiyou, Lassen, Plumas, Del Norte, Modoc, Sierra Counties CoC",18-24,22
2017,CA-516,"Shasta, Siskiyou, Lassen, Plumas, Del Norte, Modoc, Sierra Counties CoC",25-34,58
2017,CA-516,"Shasta, Siskiyou, Lassen, Plumas, Del Norte, Modoc, Sierra Counties CoC",35-44,43
2017,CA-516,"Shasta, Siskiyou, Lassen, Plumas, Del Norte, Modoc, Sierra Counties CoC",45-54,23
2017,CA-516,"Shasta, Siskiyou, Lassen, Plumas, Del Norte, Modoc, Sierra Counties CoC",55-64,21
2017,CA-516,"Shasta, Siskiyou, Lassen, Plumas, Del Norte, Modoc, Sierra Counties CoC",65+,*
2017,CA-516,"Shasta, Siskiyou, Lassen, Plumas, Del Norte, Modoc, Sierra Counties CoC",Under 18,75
2017,CA-516,"Shasta, Siskiyou, Lassen, Plumas, Del Norte, Modoc, Sierra Counties CoC",Unknown,*
2017,CA-517,Napa County CoC,18-24,85
2017,CA-517,Napa County CoC,25-34,200
2017,CA-517,Napa County CoC,35-44,156
2017,CA-517,Napa County CoC,45-54,184
2017,CA-517,Napa County CoC,55-64,147
2017,CA-517,Napa County CoC,65+,27
2017,CA-517,Napa County CoC,Under 18,174
2017,CA-517,Napa County CoC,Unknown,*
2017,CA-518,Solano County CoC,18-24,72
2017,CA-518,Solano County CoC,25-34,164
2017,CA-518,Solano County CoC,35-44,145
2017,CA-518,Solano County CoC,45-54,158
2017,CA-518,Solano County CoC,55-64,176
2017,CA-518,Solano County CoC,65+,71
2017,CA-518,Solano County CoC,Under 18,204
2017,CA-518,Solano County CoC,Unknown,24
2017,CA-519,Butte County CoC,18-24,125
2017,CA-519,Butte County CoC,25-34,287
2017,CA-519,Butte County CoC,35-44,210
2017,CA-519,Butte County CoC,45-54,208
2017,CA-519,Butte County CoC,55-64,193
2017,CA-519,Butte County CoC,65+,55
2017,CA-519,Butte County CoC,Under 18,304
2017,CA-519,Butte County CoC,Unknown,18
2017,CA-520,Merced County CoC,18-24,41
2017,CA-520,Merced County CoC,25-34,81
2017,CA-520,Merced County CoC,35-44,116
2017,CA-520,Merced County CoC,45-54,134
2017,CA-520,Merced County CoC,55-64,157
2017,CA-520,Merced County CoC,65+,37
2017,CA-520,Merced County CoC,Under 18,33
2017,CA-520,Merced County CoC,Unknown,*
2017,CA-521,Yolo County CoC,18-24,42
2017,CA-521,Yolo County CoC,25-34,110
2017,CA-521,Yolo County CoC,35-44,89
2017,CA-521,Yolo County CoC,45-54,84
2017,CA-521,Yolo County CoC,55-64,61
2017,CA-521,Yolo County CoC,65+,*
2017,CA-521,Yolo County CoC,Under 18,128
2017,CA-521,Yolo County CoC,Unknown,*
2017,CA-522,Humboldt County CoC,18-24,81
2017,CA-522,Humboldt County CoC,25-34,156
2017,CA-522,Humboldt County CoC,35-44,130
2017,CA-522,Humboldt County CoC,45-54,120
2017,CA-522,Humboldt County CoC,55-64,121
2017,CA-522,Humboldt County CoC,65+,38
2017,CA-522,Humboldt County CoC,Under 18,299
2017,CA-522,Humboldt County CoC,Unknown,21
2017,CA-523,"Colusa, Glenn, Trinity Counties CoC",18-24,23
2017,CA-523,"Colusa, Glenn, Trinity Counties CoC",25-34,32
2017,CA-523,"Colusa, Glenn, Trinity Counties CoC",35-44,20
2017,CA-523,"Colusa, Glenn, Trinity Counties CoC",45-54,*
2017,CA-523,"Colusa, Glenn, Trinity Counties CoC",55-64,*
2017,CA-523,"Colusa, Glenn, Trinity Counties CoC",Under 18,115
2017,CA-523,"Colusa, Glenn, Trinity Counties CoC",Unknown,*
2017,CA-525,El Dorado County CoC,25-34,*
2017,CA-525,El Dorado County CoC,35-44,*
2017,CA-525,El Dorado County CoC,45-54,*
2017,CA-525,El Dorado County CoC,55-64,*
2017,CA-525,El Dorado County CoC,Under 18,128
2017,CA-525,El Dorado County CoC,Unknown,*
2017,CA-526,"Amador, Calaveras, Mariposa, Tuolumne Counties CoC",18-24,31
2017,CA-526,"Amador, Calaveras, Mariposa, Tuolumne Counties CoC",25-34,69
2017,CA-526,"Amador, Calaveras, Mariposa, Tuolumne Counties CoC",35-44,58
2017,CA-526,"Amador, Calaveras, Mariposa, Tuolumne Counties CoC",45-54,48
2017,CA-526,"Amador, Calaveras, Mariposa, Tuolumne Counties CoC",55-64,25
2017,CA-526,"Amador, Calaveras, Mariposa, Tuolumne Counties CoC",65+,*
2017,CA-526,"Amador, Calaveras, Mariposa, Tuolumne Counties CoC",Under 18,137
2017,CA-526,"Amador, Calaveras, Mariposa, Tuolumne Counties CoC",Unknown,*
2017,CA-527,Tehama County CoC,18-24,30
2017,CA-527,Tehama County CoC,25-34,79
2017,CA-527,Tehama County CoC,35-44,71
2017,CA-527,Tehama County CoC,45-54,62
2017,CA-527,Tehama County CoC,55-64,78
2017,CA-527,Tehama County CoC,65+,22
2017,CA-527,Tehama County CoC,Under 18,53
2017,CA-527,Tehama County CoC,Unknown,*
2017,CA-529,Lake County CoC,18-24,*
2017,CA-529,Lake County CoC,25-34,*
2017,CA-529,Lake County CoC,35-44,*
2017,CA-529,Lake County CoC,45-54,*
2017,CA-529,Lake County CoC,55-64,*
2017,CA-529,Lake County CoC,65+,*
2017,CA-529,Lake County CoC,Under 18,15
2017,CA-530,"Alpine, Inyo, Mono Counties CoC",18-24,16
2017,CA-530,"Alpine, Inyo, Mono Counties CoC",25-34,22
2017,CA-530,"Alpine, Inyo, Mono Counties CoC",35-44,25
2017,CA-530,"Alpine, Inyo, Mono Counties CoC",45-54,26
2017,CA-530,"Alpine, Inyo, Mono Counties CoC",55-64,21
2017,CA-530,"Alpine, Inyo, Mono Counties CoC",65+,*
2017,CA-530,"Alpine, Inyo, Mono Counties CoC",Under 18,41
2017,CA-530,"Alpine, Inyo, Mono Counties CoC",Unknown,*
2017,CA-531,Nevada County CoC,18-24,42
2017,CA-531,Nevada County CoC,25-34,80
2017,CA-531,Nevada County CoC,35-44,93
2017,CA-531,Nevada County CoC,45-54,88
2017,CA-531,Nevada County CoC,55-64,75
2017,CA-531,Nevada County CoC,65+,24
2017,CA-531,Nevada County CoC,Under 18,63
2017,CA-531,Nevada County CoC,Unknown,*
2017,CA-600,Los Angeles County CoC,18-24,6040
2017,CA-600,Los Angeles County CoC,25-34,9236
2017,CA-600,Los Angeles County CoC,35-44,8201
2017,CA-600,Los Angeles County CoC,45-54,9235
2017,CA-600,Los Angeles County CoC,55-64,7642
2017,CA-600,Los Angeles County CoC,65+,2305
2017,CA-600,Los Angeles County CoC,Under 18,12479
2017,CA-600,Los Angeles County CoC,Unknown,1864
2017,CA-601,San Diego County CoC,18-24,720
2017,CA-601,San Diego County CoC,25-34,1569
2017,CA-601,San Diego County CoC,35-44,1712
2017,CA-601,San Diego County CoC,45-54,2116
2017,CA-601,San Diego County CoC,55-64,2139
2017,CA-601,San Diego County CoC,65+,561
2017,CA-601,San Diego County CoC,Under 18,2777
2017,CA-601,San Diego County CoC,Unknown,138
2017,CA-602,Orange County CoC,18-24,547
2017,CA-602,Orange County CoC,25-34,1245
2017,CA-602,Orange County CoC,35-44,1197
2017,CA-602,Orange County CoC,45-54,1281
2017,CA-602,Orange County CoC,55-64,1056
2017,CA-602,Orange County CoC,65+,318
2017,CA-602,Orange County CoC,Under 18,2778
2017,CA-602,Orange County CoC,Unknown,2168
2017,CA-603,Santa Barbara County CoC,18-24,181
2017,CA-603,Santa Barbara County CoC,25-34,500
2017,CA-603,Santa Barbara County CoC,35-44,457
2017,CA-603,Santa Barbara County CoC,45-54,511
2017,CA-603,Santa Barbara County CoC,55-64,461
2017,CA-603,Santa Barbara County CoC,65+,166
2017,CA-603,Santa Barbara County CoC,Under 18,524
2017,CA-603,Santa Barbara County CoC,Unknown,32
2017,CA-604,Kern County CoC,18-24,357
2017,CA-604,Kern County CoC,25-34,719
2017,CA-604,Kern County CoC,35-44,551
2017,CA-604,Kern County CoC,45-54,550
2017,CA-604,Kern County CoC,55-64,339
2017,CA-604,Kern County CoC,65+,108
2017,CA-604,Kern County CoC,Under 18,1939
2017,CA-604,Kern County CoC,Unknown,106
2017,CA-606,Long Beach CoC (Los Angeles County),18-24,131
2017,CA-606,Long Beach CoC (Los Angeles County),25-34,392
2017,CA-606,Long Beach CoC (Los Angeles County),35-44,322
2017,CA-606,Long Beach CoC (Los Angeles County),45-54,456
2017,CA-606,Long Beach CoC (Los Angeles County),55-64,487
2017,CA-606,Long Beach CoC (Los Angeles County),65+,166
2017,CA-606,Long Beach CoC (Los Angeles County),Under 18,772
2017,CA-606,Long Beach CoC (Los Angeles County),Unknown,28
2017,CA-607,Pasadena CoC (Los Angeles County),18-24,84
2017,CA-607,Pasadena CoC (Los Angeles County),25-34,174
2017,CA-607,Pasadena CoC (Los Angeles County),35-44,209
2017,CA-607,Pasadena CoC (Los Angeles County),45-54,203
2017,CA-607,Pasadena CoC (Los Angeles County),55-64,144
2017,CA-607,Pasadena CoC (Los Angeles County),65+,48
2017,CA-607,Pasadena CoC (Los Angeles County),Under 18,448
2017,CA-607,Pasadena CoC (Los Angeles County),Unknown,18
2017,CA-608,Riverside County CoC,18-24,673
2017,CA-608,Riverside County CoC,25-34,1069
2017,CA-608,Riverside County CoC,35-44,1004
2017,CA-608,Riverside County CoC,45-54,1107
2017,CA-608,Riverside County CoC,55-64,839
2017,CA-608,Riverside County CoC,65+,260
2017,CA-608,Riverside County CoC,Under 18,1617
2017,CA-608,Riverside County CoC,Unknown,134
2017,CA-609,San Bernardino County CoC,18-24,594
2017,CA-609,San Bernardino County CoC,25-34,1216
2017,CA-609,San Bernardino County CoC,35-44,942
2017,CA-609,San Bernardino County CoC,45-54,704
2017,CA-609,San Bernardino County CoC,55-64,559
2017,CA-609,San Bernardino County CoC,65+,162
2017,CA-609,San Bernardino County CoC,Under 18,4112
2017,CA-609,San Bernardino County CoC,Unknown,146
2017,CA-611,Ventura County CoC,18-24,119
2017,CA-611,Ventura County CoC,25-34,303
2017,CA-611,Ventura County CoC,35-44,317
2017,CA-611,Ventura County CoC,45-54,339
2017,CA-611,Ventura County CoC,55-64,311
2017,CA-611,Ventura County CoC,65+,88
2017,CA-611,Ventura County CoC,Under 18,452
2017,CA-611,Ventura County CoC,Unknown,21
2017,CA-612,Glendale CoC (Los Angeles County),18-24,13
2017,CA-612,Glendale CoC (Los Angeles County),25-34,49
2017,CA-612,Glendale CoC (Los Angeles County),35-44,34
2017,CA-612,Glendale CoC (Los Angeles County),45-54,51
2017,CA-612,Glendale CoC (Los Angeles County),55-64,47
2017,CA-612,Glendale CoC (Los Angeles County),65+,22
2017,CA-612,Glendale CoC (Los Angeles County),Under 18,125
2017,CA-612,Glendale CoC (Los Angeles County),Unknown,*
2017,CA-613,Imperial County CoC,18-24,43
2017,CA-613,Imperial County CoC,25-34,90
2017,CA-613,Imperial County CoC,35-44,83
2017,CA-613,Imperial County CoC,45-54,86
2017,CA-613,Imperial County CoC,55-64,76
2017,CA-613,Imperial County CoC,65+,48
2017,CA-613,Imperial County CoC,Under 18,70
2017,CA-613,Imperial County CoC,Unknown,*
2017,CA-614,San Luis Obispo County CoC,18-24,134
2017,CA-614,San Luis Obispo County CoC,25-34,335
2017,CA-614,San Luis Obispo County CoC,35-44,243
2017,CA-614,San Luis Obispo County CoC,45-54,213
2017,CA-614,San Luis Obispo County CoC,55-64,191
2017,CA-614,San Luis Obispo County CoC,65+,72
2017,CA-614,San Luis Obispo County CoC,Under 18,498
2017,CA-614,San Luis Obispo County CoC,Unknown,34
2018,All,California,18-24,18409
2018,All,California,25-34,33324
2018,All,California,35-44,30207
2018,All,California,45-54,31392
2018,All,California,55-64,27821
2018,All,California,65+,8891
2018,All,California,Under 18,55504
2018,All,California,Unknown,9485
2018,CA-500,Santa Clara County CoC,18-24,884
2018,CA-500,Santa Clara County CoC,25-34,1619
2018,CA-500,Santa Clara County CoC,35-44,1567
2018,CA-500,Santa Clara County CoC,45-54,1777
2018,CA-500,Santa Clara County CoC,55-64,1714
2018,CA-500,Santa Clara County CoC,65+,539
2018,CA-500,Santa Clara County CoC,Under 18,2554
2018,CA-500,Santa Clara County CoC,Unknown,145
2018,CA-501,San Francisco CoC,18-24,620
2018,CA-501,San Francisco CoC,25-34,806
2018,CA-501,San Francisco CoC,35-44,748
2018,CA-501,San Francisco CoC,45-54,724
2018,CA-501,San Francisco CoC,55-64,592
2018,CA-501,San Francisco CoC,65+,206
2018,CA-501,San Francisco CoC,Under 18,1914
2018,CA-501,San Francisco CoC,Unknown,165
2018,CA-502,Alameda County CoC,18-24,693
2018,CA-502,Alameda County CoC,25-34,927
2018,CA-502,Alameda County CoC,35-44,826
2018,CA-502,Alameda County CoC,45-54,948
2018,CA-502,Alameda County CoC,55-64,934
2018,CA-502,Alameda County CoC,65+,344
2018,CA-502,Alameda County CoC,Under 18,1810
2018,CA-502,Alameda County CoC,Unknown,117
2018,CA-503,Sacramento County CoC,18-24,976
2018,CA-503,Sacramento County CoC,25-34,1506
2018,CA-503,Sacramento County CoC,35-44,1447
2018,CA-503,Sacramento County CoC,45-54,1493
2018,CA-503,Sacramento County CoC,55-64,1178
2018,CA-503,Sacramento County CoC,65+,316
2018,CA-503,Sacramento County CoC,Under 18,3859
2018,CA-503,Sacramento County CoC,Unknown,177
2018,CA-504,Sonoma County CoC,18-24,284
2018,CA-504,Sonoma County CoC,25-34,466
2018,CA-504,Sonoma County CoC,35-44,501
2018,CA-504,Sonoma County CoC,45-54,516
2018,CA-504,Sonoma County CoC,55-64,509
2018,CA-504,Sonoma County CoC,65+,201
2018,CA-504,Sonoma County CoC,Under 18,770
2018,CA-504,Sonoma County CoC,Unknown,42
2018,CA-505,Contra Costa County CoC,18-24,362
2018,CA-505,Contra Costa County CoC,25-34,954
2018,CA-505,Contra Costa County CoC,35-44,875
2018,CA-505,Contra Costa County CoC,45-54,947
2018,CA-505,Contra Costa County CoC,55-64,917
2018,CA-505,Contra Costa County CoC,65+,335
2018,CA-505,Contra Costa County CoC,Under 18,1089
2018,CA-505,Contra Costa County CoC,Unknown,58
2018,CA-506,"Monterey, San Benito Counties CoC",18-24,48
2018,CA-506,"Monterey, San Benito Counties CoC",25-34,127
2018,CA-506,"Monterey, San Benito Counties CoC",35-44,132
2018,CA-506,"Monterey, San Benito Counties CoC",45-54,156
2018,CA-506,"Monterey, San Benito Counties CoC",55-64,205
2018,CA-506,"Monterey, San Benito Counties CoC",65+,83
2018,CA-506,"Monterey, San Benito Counties CoC",Under 18,181
2018,CA-506,"Monterey, San Benito Counties CoC",Unknown,*
2018,CA-507,Marin County CoC,18-24,74
2018,CA-507,Marin County CoC,25-34,225
2018,CA-507,Marin County CoC,35-44,213
2018,CA-507,Marin County CoC,45-54,259
2018,CA-507,Marin County CoC,55-64,234
2018,CA-507,Marin County CoC,65+,101
2018,CA-507,Marin County CoC,Under 18,234
2018,CA-507,Marin County CoC,Unknown,12
2018,CA-508,Santa Cruz County CoC,18-24,107
2018,CA-508,Santa Cruz County CoC,25-34,300
2018,CA-508,Santa Cruz County CoC,35-44,297
2018,CA-508,Santa Cruz County CoC,45-54,313
2018,CA-508,Santa Cruz County CoC,55-64,302
2018,CA-508,Santa Cruz County CoC,65+,119
2018,CA-508,Santa Cruz County CoC,Under 18,501
2018,CA-508,Santa Cruz County CoC,Unknown,74
2018,CA-509,Mendocino County CoC,18-24,61
2018,CA-509,Mendocino County CoC,25-34,96
2018,CA-509,Mendocino County CoC,35-44,107
2018,CA-509,Mendocino County CoC,45-54,107
2018,CA-509,Mendocino County CoC,55-64,101
2018,CA-509,Mendocino County CoC,65+,39
2018,CA-509,Mendocino County CoC,Under 18,62
2018,CA-509,Mendocino County CoC,Unknown,25
2018,CA-510,Stanislaus County CoC,18-24,526
2018,CA-510,Stanislaus County CoC,25-34,1054
2018,CA-510,Stanislaus County CoC,35-44,933
2018,CA-510,Stanislaus County CoC,45-54,747
2018,CA-510,Stanislaus County CoC,55-64,582
2018,CA-510,Stanislaus County CoC,65+,158
2018,CA-510,Stanislaus County CoC,Under 18,2132
2018,CA-510,Stanislaus County CoC,Unknown,89
2018,CA-511,San Joaquin County CoC,18-24,884
2018,CA-511,San Joaquin County CoC,25-34,1863
2018,CA-511,San Joaquin County CoC,35-44,1410
2018,CA-511,San Joaquin County CoC,45-54,1137
2018,CA-511,San Joaquin County CoC,55-64,830
2018,CA-511,San Joaquin County CoC,65+,268
2018,CA-511,San Joaquin County CoC,Under 18,4363
2018,CA-511,San Joaquin County CoC,Unknown,207
2018,CA-512,San Mateo County CoC,18-24,287
2018,CA-512,San Mateo County CoC,25-34,681
2018,CA-512,San Mateo County CoC,35-44,645
2018,CA-512,San Mateo County CoC,45-54,697
2018,CA-512,San Mateo County CoC,55-64,660
2018,CA-512,San Mateo County CoC,65+,226
2018,CA-512,San Mateo County CoC,Under 18,1216
2018,CA-512,San Mateo County CoC,Unknown,68
2018,CA-513,"Kings, Tulare Counties CoC",18-24,276
2018,CA-513,"Kings, Tulare Counties CoC",25-34,558
2018,CA-513,"Kings, Tulare Counties CoC",35-44,603
2018,CA-513,"Kings, Tulare Counties CoC",45-54,458
2018,CA-513,"Kings, Tulare Counties CoC",55-64,274
2018,CA-513,"Kings, Tulare Counties CoC",65+,76
2018,CA-513,"Kings, Tulare Counties CoC",Under 18,788
2018,CA-513,"Kings, Tulare Counties CoC",Unknown,42
2018,CA-514,"Fresno, Madera Counties CoC",18-24,278
2018,CA-514,"Fresno, Madera Counties CoC",25-34,297
2018,CA-514,"Fresno, Madera Counties CoC",35-44,303
2018,CA-514,"Fresno, Madera Counties CoC",45-54,369
2018,CA-514,"Fresno, Madera Counties CoC",55-64,351
2018,CA-514,"Fresno, Madera Counties CoC",65+,98
2018,CA-514,"Fresno, Madera Counties CoC",Under 18,581
2018,CA-514,"Fresno, Madera Counties CoC",Unknown,43
2018,CA-515,Placer County CoC,18-24,89
2018,CA-515,Placer County CoC,25-34,249
2018,CA-515,Placer County CoC,35-44,250
2018,CA-515,Placer County CoC,45-54,273
2018,CA-515,Placer County CoC,55-64,220
2018,CA-515,Placer County CoC,65+,72
2018,CA-515,Placer County CoC,Under 18,333
2018,CA-515,Placer County CoC,Unknown,15
2018,CA-516,"Shasta, Siskiyou, Lassen, Plumas, Del Norte, Modoc, Sierra Counties CoC",18-24,34
2018,CA-516,"Shasta, Siskiyou, Lassen, Plumas, Del Norte, Modoc, Sierra Counties CoC",25-34,110
2018,CA-516,"Shasta, Siskiyou, Lassen, Plumas, Del Norte, Modoc, Sierra Counties CoC",35-44,97
2018,CA-516,"Shasta, Siskiyou, Lassen, Plumas, Del Norte, Modoc, Sierra Counties CoC",45-54,67
2018,CA-516,"Shasta, Siskiyou, Lassen, Plumas, Del Norte, Modoc, Sierra Counties CoC",55-64,86
2018,CA-516,"Shasta, Siskiyou, Lassen, Plumas, Del Norte, Modoc, Sierra Counties CoC",65+,23
2018,CA-516,"Shasta, Siskiyou, Lassen, Plumas, Del Norte, Modoc, Sierra Counties CoC",Under 18,102
2018,CA-516,"Shasta, Siskiyou, Lassen, Plumas, Del Norte, Modoc, Sierra Counties CoC",Unknown,101
2018,CA-517,Napa County CoC,18-24,68
2018,CA-517,Napa County CoC,25-34,179
2018,CA-517,Napa County CoC,35-44,174
2018,CA-517,Napa County CoC,45-54,180
2018,CA-517,Napa County CoC,55-64,180
2018,CA-517,Napa County CoC,65+,37
2018,CA-517,Napa County CoC,Under 18,138
2018,CA-517,Napa County CoC,Unknown,*
2018,CA-518,Solano County CoC,18-24,55
2018,CA-518,Solano County CoC,25-34,172
2018,CA-518,Solano County CoC,35-44,146
2018,CA-518,Solano County CoC,45-54,149
2018,CA-518,Solano County CoC,55-64,186
2018,CA-518,Solano County CoC,65+,52
2018,CA-518,Solano County CoC,Under 18,172
2018,CA-518,Solano County CoC,Unknown,*
2018,CA-519,Butte County CoC,18-24,120
2018,CA-519,Butte County CoC,25-34,270
2018,CA-519,Butte County CoC,35-44,243
2018,CA-519,Butte County CoC,45-54,236
2018,CA-519,Butte County CoC,55-64,216
2018,CA-519,Butte County CoC,65+,84
2018,CA-519,Butte County CoC,Under 18,317
2018,CA-519,Butte County CoC,Unknown,28
2018,CA-520,Merced County CoC,18-24,65
2018,CA-520,Merced County CoC,25-34,153
2018,CA-520,Merced County CoC,35-44,185
2018,CA-520,Merced County CoC,45-54,203
2018,CA-520,Merced County CoC,55-64,215
2018,CA-520,Merced County CoC,65+,58
2018,CA-520,Merced County CoC,Under 18,20
2018,CA-520,Merced County CoC,Unknown,*
2018,CA-521,Yolo County CoC,18-24,85
2018,CA-521,Yolo County CoC,25-34,159
2018,CA-521,Yolo County CoC,35-44,158
2018,CA-521,Yolo County CoC,45-54,119
2018,CA-521,Yolo County CoC,55-64,93
2018,CA-521,Yolo County CoC,65+,22
2018,CA-521,Yolo County CoC,Under 18,308
2018,CA-521,Yolo County CoC,Unknown,*
2018,CA-522,Humboldt County CoC,18-24,173
2018,CA-522,Humboldt County CoC,25-34,170
2018,CA-522,Humboldt County CoC,35-44,161
2018,CA-522,Humboldt County CoC,45-54,124
2018,CA-522,Humboldt County CoC,55-64,115
2018,CA-522,Humboldt County CoC,65+,38
2018,CA-522,Humboldt County CoC,Under 18,290
2018,CA-522,Humboldt County CoC,Unknown,21
2018,CA-523,"Colusa, Glenn, Trinity Counties CoC",18-24,37
2018,CA-523,"Colusa, Glenn, Trinity Counties CoC",25-34,64
2018,CA-523,"Colusa, Glenn, Trinity Counties CoC",35-44,32
2018,CA-523,"Colusa, Glenn, Trinity Counties CoC",45-54,13
2018,CA-523,"Colusa, Glenn, Trinity Counties CoC",55-64,*
2018,CA-523,"Colusa, Glenn, Trinity Counties CoC",Under 18,189
2018,CA-523,"Colusa, Glenn, Trinity Counties CoC",Unknown,19
2018,CA-524,"Yuba, Sutter Counties CoC",25-34,*
2018,CA-524,"Yuba, Sutter Counties CoC",45-54,*
2018,CA-524,"Yuba, Sutter Counties CoC",65+,*
2018,CA-524,"Yuba, Sutter Counties CoC",Under 18,*
2018,CA-525,El Dorado County CoC,18-24,*
2018,CA-525,El Dorado County CoC,25-34,*
2018,CA-525,El Dorado County CoC,35-44,*
2018,CA-525,El Dorado County CoC,45-54,*
2018,CA-525,El Dorado County CoC,55-64,*
2018,CA-525,El Dorado County CoC,65+,*
2018,CA-525,El Dorado County CoC,Under 18,231
2018,CA-525,El Dorado County CoC,Unknown,*
2018,CA-526,"Amador, Calaveras, Mariposa, Tuolumne Counties CoC",18-24,34
2018,CA-526,"Amador, Calaveras, Mariposa, Tuolumne Counties CoC",25-34,74
2018,CA-526,"Amador, Calaveras, Mariposa, Tuolumne Counties CoC",35-44,56
2018,CA-526,"Amador, Calaveras, Mariposa, Tuolumne Counties CoC",45-54,39
2018,CA-526,"Amador, Calaveras, Mariposa, Tuolumne Counties CoC",55-64,38
2018,CA-526,"Amador, Calaveras, Mariposa, Tuolumne Counties CoC",65+,12
2018,CA-526,"Amador, Calaveras, Mariposa, Tuolumne Counties CoC",Under 18,156
2018,CA-526,"Amador, Calaveras, Mariposa, Tuolumne Counties CoC",Unknown,*
2018,CA-527,Tehama County CoC,18-24,37
2018,CA-527,Tehama County CoC,25-34,73
2018,CA-527,Tehama County CoC,35-44,77
2018,CA-527,Tehama County CoC,45-54,64
2018,CA-527,Tehama County CoC,55-64,67
2018,CA-527,Tehama County CoC,65+,17
2018,CA-527,Tehama County CoC,Under 18,73
2018,CA-527,Tehama County CoC,Unknown,*
2018,CA-529,Lake County CoC,18-24,*
2018,CA-529,Lake County CoC,25-34,*
2018,CA-529,Lake County CoC,35-44,*
2018,CA-529,Lake County CoC,45-54,*
2018,CA-529,Lake County CoC,55-64,21
2018,CA-529,Lake County CoC,65+,*
2018,CA-529,Lake County CoC,Under 18,28
2018,CA-529,Lake County CoC,Unknown,*
2018,CA-530,"Alpine, Inyo, Mono Counties CoC",18-24,20
2018,CA-530,"Alpine, Inyo, Mono Counties CoC",25-34,41
2018,CA-530,"Alpine, Inyo, Mono Counties CoC",35-44,28
2018,CA-530,"Alpine, Inyo, Mono Counties CoC",45-54,33
2018,CA-530,"Alpine, Inyo, Mono Counties CoC",55-64,19
2018,CA-530,"Alpine, Inyo, Mono Counties CoC",65+,*
2018,CA-530,"Alpine, Inyo, Mono Counties CoC",Under 18,65
2018,CA-530,"Alpine, Inyo, Mono Counties CoC",Unknown,*
2018,CA-531,Nevada County CoC,18-24,59
2018,CA-531,Nevada County CoC,25-34,83
2018,CA-531,Nevada County CoC,35-44,115
2018,CA-531,Nevada County CoC,45-54,107
2018,CA-531,Nevada County CoC,55-64,102
2018,CA-531,Nevada County CoC,65+,40
2018,CA-531,Nevada County CoC,Under 18,54
2018,CA-531,Nevada County CoC,Unknown,*
2018,CA-600,Los Angeles County CoC,18-24,7676
2018,CA-600,Los Angeles County CoC,25-34,12259
2018,CA-600,Los Angeles County CoC,35-44,10768
2018,CA-600,Los Angeles County CoC,45-54,11572
2018,CA-600,Los Angeles County CoC,55-64,10090
2018,CA-600,Los Angeles County CoC,65+,3172
2018,CA-600,Los Angeles County CoC,Under 18,15551
2018,CA-600,Los Angeles County CoC,Unknown,4949
2018,CA-601,San Diego County CoC,18-24,965
2018,CA-601,San Diego County CoC,25-34,2292
2018,CA-601,San Diego County CoC,35-44,2296
2018,CA-601,San Diego County CoC,45-54,2704
2018,CA-601,San Diego County CoC,55-64,2757
2018,CA-601,San Diego County CoC,65+,811
2018,CA-601,San Diego County CoC,Under 18,3275
2018,CA-601,San Diego County CoC,Unknown,296
2018,CA-602,Orange County CoC,18-24,580
2018,CA-602,Orange County CoC,25-34,1567
2018,CA-602,Orange County CoC,35-44,1468
2018,CA-602,Orange County CoC,45-54,1647
2018,CA-602,Orange County CoC,55-64,1269
2018,CA-602,Orange County CoC,65+,414
2018,CA-602,Orange County CoC,Under 18,2931
2018,CA-602,Orange County CoC,Unknown,2255
2018,CA-603,Santa Barbara County CoC,18-24,173
2018,CA-603,Santa Barbara County CoC,25-34,442
2018,CA-603,Santa Barbara County CoC,35-44,430
2018,CA-603,Santa Barbara County CoC,45-54,448
2018,CA-603,Santa Barbara County CoC,55-64,477
2018,CA-603,Santa Barbara County CoC,65+,180
2018,CA-603,Santa Barbara County CoC,Under 18,521
2018,CA-603,Santa Barbara County CoC,Unknown,43
2018,CA-604,Kern County CoC,18-24,341
2018,CA-604,Kern County CoC,25-34,762
2018,CA-604,Kern County CoC,35-44,577
2018,CA-604,Kern County CoC,45-54,556
2018,CA-604,Kern County CoC,55-64,439
2018,CA-604,Kern County CoC,65+,115
2018,CA-604,Kern County CoC,Under 18,1977
2018,CA-604,Kern County CoC,Unknown,113
2018,CA-606,Long Beach CoC (Los Angeles County),18-24,145
2018,CA-606,Long Beach CoC (Los Angeles County),25-34,376
2018,CA-606,Long Beach CoC (Los Angeles County),35-44,332
2018,CA-606,Long Beach CoC (Los Angeles County),45-54,459
2018,CA-606,Long Beach CoC (Los Angeles County),55-64,522
2018,CA-606,Long Beach CoC (Los Angeles County),65+,181
2018,CA-606,Long Beach CoC (Los Angeles County),Under 18,711
2018,CA-606,Long Beach CoC (Los Angeles County),Unknown,20
2018,CA-607,Pasadena CoC (Los Angeles County),18-24,83
2018,CA-607,Pasadena CoC (Los Angeles County),25-34,205
2018,CA-607,Pasadena CoC (Los Angeles County),35-44,179
2018,CA-607,Pasadena CoC (Los Angeles County),45-54,231
2018,CA-607,Pasadena CoC (Los Angeles County),55-64,164
2018,CA-607,Pasadena CoC (Los Angeles County),65+,71
2018,CA-607,Pasadena CoC (Los Angeles County),Under 18,419
2018,CA-607,Pasadena CoC (Los Angeles County),Unknown,*
2018,CA-608,Riverside County CoC,18-24,668
2018,CA-608,Riverside County CoC,25-34,1251
2018,CA-608,Riverside County CoC,35-44,1104
2018,CA-608,Riverside County CoC,45-54,1167
2018,CA-608,Riverside County CoC,55-64,989
2018,CA-608,Riverside County CoC,65+,292
2018,CA-608,Riverside County CoC,Under 18,1646
2018,CA-608,Riverside County CoC,Unknown,99
2018,CA-609,San Bernardino County CoC,18-24,535
2018,CA-609,San Bernardino County CoC,25-34,1067
2018,CA-609,San Bernardino County CoC,35-44,923
2018,CA-609,San Bernardino County CoC,45-54,685
2018,CA-609,San Bernardino County CoC,55-64,550
2018,CA-609,San Bernardino County CoC,65+,163
2018,CA-609,San Bernardino County CoC,Under 18,3606
2018,CA-609,San Bernardino County CoC,Unknown,137
2018,CA-611,Ventura County CoC,18-24,113
2018,CA-611,Ventura County CoC,25-34,226
2018,CA-611,Ventura County CoC,35-44,277
2018,CA-611,Ventura County CoC,45-54,289
2018,CA-611,Ventura County CoC,55-64,282
2018,CA-611,Ventura County CoC,65+,98
2018,CA-611,Ventura County CoC,Under 18,442
2018,CA-611,Ventura County CoC,Unknown,21
2018,CA-612,Glendale CoC (Los Angeles County),18-24,15
2018,CA-612,Glendale CoC (Los Angeles County),25-34,66
2018,CA-612,Glendale CoC (Los Angeles County),35-44,37
2018,CA-612,Glendale CoC (Los Angeles County),45-54,46
2018,CA-612,Glendale CoC (Los Angeles County),55-64,42
2018,CA-612,Glendale CoC (Los Angeles County),65+,17
2018,CA-612,Glendale CoC (Los Angeles County),Under 18,139
2018,CA-612,Glendale CoC (Los Angeles County),Unknown,*
2018,CA-613,Imperial County CoC,18-24,80
2018,CA-613,Imperial County CoC,25-34,142
2018,CA-613,Imperial County CoC,35-44,111
2018,CA-613,Imperial County CoC,45-54,99
2018,CA-613,Imperial County CoC,55-64,72
2018,CA-613,Imperial County CoC,65+,46
2018,CA-613,Imperial County CoC,Under 18,310
2018,CA-613,Imperial County CoC,Unknown,*
2018,CA-614,San Luis Obispo County CoC,18-24,138
2018,CA-614,San Luis Obispo County CoC,25-34,321
2018,CA-614,San Luis Obispo County CoC,35-44,245
2018,CA-614,San Luis Obispo County CoC,45-54,237
2018,CA-614,San Luis Obispo County CoC,55-64,212
2018,CA-614,San Luis Obispo County CoC,65+,99
2018,CA-614,San Luis Obispo County CoC,Under 18,534
2018,CA-614,San Luis Obispo County CoC,Unknown,24
2019,All,California,18-24,19824
2019,All,California,25-34,38605
2019,All,California,35-44,35847
2019,All,California,45-54,34921
2019,All,California,55-64,32268
2019,All,California,65+,11108
2019,All,California,Under 18,59347
2019,All,California,Unknown,9970
2019,CA-500,Santa Clara County CoC,18-24,887
2019,CA-500,Santa Clara County CoC,25-34,1866
2019,CA-500,Santa Clara County CoC,35-44,1878
2019,CA-500,Santa Clara County CoC,45-54,1920
2019,CA-500,Santa Clara County CoC,55-64,1925
2019,CA-500,Santa Clara County CoC,65+,647
2019,CA-500,Santa Clara County CoC,Under 18,2833
2019,CA-500,Santa Clara County CoC,Unknown,154
2019,CA-501,San Francisco CoC,18-24,888
2019,CA-501,San Francisco CoC,25-34,1214
2019,CA-501,San Francisco CoC,35-44,1132
2019,CA-501,San Francisco CoC,45-54,1001
2019,CA-501,San Francisco CoC,55-64,861
2019,CA-501,San Francisco CoC,65+,324
2019,CA-501,San Francisco CoC,Under 18,2570
2019,CA-501,San Francisco CoC,Unknown,177
2019,CA-502,Alameda County CoC,18-24,770
2019,CA-502,Alameda County CoC,25-34,1153
2019,CA-502,Alameda County CoC,35-44,1100
2019,CA-502,Alameda County CoC,45-54,1153
2019,CA-502,Alameda County CoC,55-64,1230
2019,CA-502,Alameda County CoC,65+,458
2019,CA-502,Alameda County CoC,Under 18,1745
2019,CA-502,Alameda County CoC,Unknown,117
2019,CA-503,Sacramento County CoC,18-24,996
2019,CA-503,Sacramento County CoC,25-34,1476
2019,CA-503,Sacramento County CoC,35-44,1433
2019,CA-503,Sacramento County CoC,45-54,1480
2019,CA-503,Sacramento County CoC,55-64,1256
2019,CA-503,Sacramento County CoC,65+,369
2019,CA-503,Sacramento County CoC,Under 18,3818
2019,CA-503,Sacramento County CoC,Unknown,180
2019,CA-504,Sonoma County CoC,18-24,304
2019,CA-504,Sonoma County CoC,25-34,548
2019,CA-504,Sonoma County CoC,35-44,631
2019,CA-504,Sonoma County CoC,45-54,633
2019,CA-504,Sonoma County CoC,55-64,648
2019,CA-504,Sonoma County CoC,65+,276
2019,CA-504,Sonoma County CoC,Under 18,838
2019,CA-504,Sonoma County CoC,Unknown,48
2019,CA-505,Contra Costa County CoC,18-24,376
2019,CA-505,Contra Costa County CoC,25-34,1062
2019,CA-505,Contra Costa County CoC,35-44,984
2019,CA-505,Contra Costa County CoC,45-54,957
2019,CA-505,Contra Costa County CoC,55-64,937
2019,CA-505,Contra Costa County CoC,65+,364
2019,CA-505,Contra Costa County CoC,Under 18,1155
2019,CA-505,Contra Costa County CoC,Unknown,58
2019,CA-506,"Monterey, San Benito Counties CoC",18-24,59
2019,CA-506,"Monterey, San Benito Counties CoC",25-34,128
2019,CA-506,"Monterey, San Benito Counties CoC",35-44,128
2019,CA-506,"Monterey, San Benito Counties CoC",45-54,180
2019,CA-506,"Monterey, San Benito Counties CoC",55-64,215
2019,CA-506,"Monterey, San Benito Counties CoC",65+,76
2019,CA-506,"Monterey, San Benito Counties CoC",Under 18,192
2019,CA-506,"Monterey, San Benito Counties CoC",Unknown,12
2019,CA-507,Marin County CoC,18-24,71
2019,CA-507,Marin County CoC,25-34,192
2019,CA-507,Marin County CoC,35-44,185
2019,CA-507,Marin County CoC,45-54,181
2019,CA-507,Marin County CoC,55-64,191
2019,CA-507,Marin County CoC,65+,103
2019,CA-507,Marin County CoC,Under 18,296
2019,CA-507,Marin County CoC,Unknown,17
2019,CA-508,Santa Cruz County CoC,18-24,143
2019,CA-508,Santa Cruz County CoC,25-34,385
2019,CA-508,Santa Cruz County CoC,35-44,397
2019,CA-508,Santa Cruz County CoC,45-54,382
2019,CA-508,Santa Cruz County CoC,55-64,343
2019,CA-508,Santa Cruz County CoC,65+,163
2019,CA-508,Santa Cruz County CoC,Under 18,585
2019,CA-508,Santa Cruz County CoC,Unknown,83
2019,CA-509,Mendocino County CoC,18-24,63
2019,CA-509,Mendocino County CoC,25-34,132
2019,CA-509,Mendocino County CoC,35-44,140
2019,CA-509,Mendocino County CoC,45-54,125
2019,CA-509,Mendocino County CoC,55-64,118
2019,CA-509,Mendocino County CoC,65+,36
2019,CA-509,Mendocino County CoC,Under 18,109
2019,CA-509,Mendocino County CoC,Unknown,21
2019,CA-510,Stanislaus County CoC,18-24,551
2019,CA-510,Stanislaus County CoC,25-34,1015
2019,CA-510,Stanislaus County CoC,35-44,1022
2019,CA-510,Stanislaus County CoC,45-54,797
2019,CA-510,Stanislaus County CoC,55-64,663
2019,CA-510,Stanislaus County CoC,65+,200
2019,CA-510,Stanislaus County CoC,Under 18,1991
2019,CA-510,Stanislaus County CoC,Unknown,74
2019,CA-511,San Joaquin County CoC,18-24,878
2019,CA-511,San Joaquin County CoC,25-34,1894
2019,CA-511,San Joaquin County CoC,35-44,1594
2019,CA-511,San Joaquin County CoC,45-54,1232
2019,CA-511,San Joaquin County CoC,55-64,906
2019,CA-511,San Joaquin County CoC,65+,312
2019,CA-511,San Joaquin County CoC,Under 18,4152
2019,CA-511,San Joaquin County CoC,Unknown,186
2019,CA-512,San Mateo County CoC,18-24,284
2019,CA-512,San Mateo County CoC,25-34,725
2019,CA-512,San Mateo County CoC,35-44,663
2019,CA-512,San Mateo County CoC,45-54,726
2019,CA-512,San Mateo County CoC,55-64,718
2019,CA-512,San Mateo County CoC,65+,252
2019,CA-512,San Mateo County CoC,Under 18,1127
2019,CA-512,San Mateo County CoC,Unknown,67
2019,CA-513,"Kings, Tulare Counties CoC",18-24,334
2019,CA-513,"Kings, Tulare Counties CoC",25-34,659
2019,CA-513,"Kings, Tulare Counties CoC",35-44,642
2019,CA-513,"Kings, Tulare Counties CoC",45-54,447
2019,CA-513,"Kings, Tulare Counties CoC",55-64,298
2019,CA-513,"Kings, Tulare Counties CoC",65+,80
2019,CA-513,"Kings, Tulare Counties CoC",Under 18,1037
2019,CA-513,"Kings, Tulare Counties CoC",Unknown,46
2019,CA-514,"Fresno, Madera Counties CoC",18-24,283
2019,CA-514,"Fresno, Madera Counties CoC",25-34,323
2019,CA-514,"Fresno, Madera Counties CoC",35-44,394
2019,CA-514,"Fresno, Madera Counties CoC",45-54,419
2019,CA-514,"Fresno, Madera Counties CoC",55-64,423
2019,CA-514,"Fresno, Madera Counties CoC",65+,116
2019,CA-514,"Fresno, Madera Counties CoC",Under 18,649
2019,CA-514,"Fresno, Madera Counties CoC",Unknown,40
2019,CA-515,Placer County CoC,18-24,98
2019,CA-515,Placer County CoC,25-34,303
2019,CA-515,Placer County CoC,35-44,279
2019,CA-515,Placer County CoC,45-54,296
2019,CA-515,Placer County CoC,55-64,237
2019,CA-515,Placer County CoC,65+,87
2019,CA-515,Placer County CoC,Under 18,395
2019,CA-515,Placer County CoC,Unknown,15
2019,CA-516,"Shasta, Siskiyou, Lassen, Plumas, Del Norte, Modoc, Sierra Counties CoC",18-24,47
2019,CA-516,"Shasta, Siskiyou, Lassen, Plumas, Del Norte, Modoc, Sierra Counties CoC",25-34,142
2019,CA-516,"Shasta, Siskiyou, Lassen, Plumas, Del Norte, Modoc, Sierra Counties CoC",35-44,110
2019,CA-516,"Shasta, Siskiyou, Lassen, Plumas, Del Norte, Modoc, Sierra Counties CoC",45-54,94
2019,CA-516,"Shasta, Siskiyou, Lassen, Plumas, Del Norte, Modoc, Sierra Counties CoC",55-64,115
2019,CA-516,"Shasta, Siskiyou, Lassen, Plumas, Del Norte, Modoc, Sierra Counties CoC",65+,43
2019,CA-516,"Shasta, Siskiyou, Lassen, Plumas, Del Norte, Modoc, Sierra Counties CoC",Under 18,128
2019,CA-516,"Shasta, Siskiyou, Lassen, Plumas, Del Norte, Modoc, Sierra Counties CoC",Unknown,177
2019,CA-517,Napa County CoC,18-24,62
2019,CA-517,Napa County CoC,25-34,184
2019,CA-517,Napa County CoC,35-44,168
2019,CA-517,Napa County CoC,45-54,182
2019,CA-517,Napa County CoC,55-64,174
2019,CA-517,Napa County CoC,65+,53
2019,CA-517,Napa County CoC,Under 18,133
2019,CA-517,Napa County CoC,Unknown,*
2019,CA-518,Solano County CoC,18-24,65
2019,CA-518,Solano County CoC,25-34,201
2019,CA-518,Solano County CoC,35-44,198
2019,CA-518,Solano County CoC,45-54,188
2019,CA-518,Solano County CoC,55-64,217
2019,CA-518,Solano County CoC,65+,71
2019,CA-518,Solano County CoC,Under 18,244
2019,CA-518,Solano County CoC,Unknown,18
2019,CA-519,Butte County CoC,18-24,125
2019,CA-519,Butte County CoC,25-34,299
2019,CA-519,Butte County CoC,35-44,290
2019,CA-519,Butte County CoC,45-54,293
2019,CA-519,Butte County CoC,55-64,298
2019,CA-519,Butte County CoC,65+,139
2019,CA-519,Butte County CoC,Under 18,300
2019,CA-519,Butte County CoC,Unknown,27
2019,CA-520,Merced County CoC,18-24,289
2019,CA-520,Merced County CoC,25-34,519
2019,CA-520,Merced County CoC,35-44,462
2019,CA-520,Merced County CoC,45-54,298
2019,CA-520,Merced County CoC,55-64,262
2019,CA-520,Merced County CoC,65+,70
2019,CA-520,Merced County CoC,Under 18,1181
2019,CA-520,Merced County CoC,Unknown,58
2019,CA-521,Yolo County CoC,18-24,98
2019,CA-521,Yolo County CoC,25-34,191
2019,CA-521,Yolo County CoC,35-44,200
2019,CA-521,Yolo County CoC,45-54,115
2019,CA-521,Yolo County CoC,55-64,114
2019,CA-521,Yolo County CoC,65+,45
2019,CA-521,Yolo County CoC,Under 18,420
2019,CA-521,Yolo County CoC,Unknown,20
2019,CA-522,Humboldt County CoC,18-24,207
2019,CA-522,Humboldt County CoC,25-34,235
2019,CA-522,Humboldt County CoC,35-44,264
2019,CA-522,Humboldt County CoC,45-54,260
2019,CA-522,Humboldt County CoC,55-64,214
2019,CA-522,Humboldt County CoC,65+,83
2019,CA-522,Humboldt County CoC,Under 18,322
2019,CA-522,Humboldt County CoC,Unknown,49
2019,CA-523,"Colusa, Glenn, Trinity Counties CoC",18-24,44
2019,CA-523,"Colusa, Glenn, Trinity Counties CoC",25-34,66
2019,CA-523,"Colusa, Glenn, Trinity Counties CoC",35-44,33
2019,CA-523,"Colusa, Glenn, Trinity Counties CoC",45-54,18
2019,CA-523,"Colusa, Glenn, Trinity Counties CoC",55-64,16
2019,CA-523,"Colusa, Glenn, Trinity Counties CoC",65+,*
2019,CA-523,"Colusa, Glenn, Trinity Counties CoC",Under 18,189
2019,CA-523,"Colusa, Glenn, Trinity Counties CoC",Unknown,22
2019,CA-524,"Yuba, Sutter Counties CoC",18-24,*
2019,CA-524,"Yuba, Sutter Counties CoC",25-34,*
2019,CA-524,"Yuba, Sutter Counties CoC",35-44,*
2019,CA-524,"Yuba, Sutter Counties CoC",45-54,*
2019,CA-524,"Yuba, Sutter Counties CoC",55-64,*
2019,CA-524,"Yuba, Sutter Counties CoC",65+,*
2019,CA-524,"Yuba, Sutter Counties CoC",Under 18,14
2019,CA-525,El Dorado County CoC,18-24,*
2019,CA-525,El Dorado County CoC,25-34,13
2019,CA-525,El Dorado County CoC,35-44,*
2019,CA-525,El Dorado County CoC,45-54,12
2019,CA-525,El Dorado County CoC,55-64,*
2019,CA-525,El Dorado County CoC,65+,*
2019,CA-525,El Dorado County CoC,Under 18,165
2019,CA-525,El Dorado County CoC,Unknown,*
2019,CA-526,"Amador, Calaveras, Mariposa, Tuolumne Counties CoC",18-24,24
2019,CA-526,"Amador, Calaveras, Mariposa, Tuolumne Counties CoC",25-34,55
2019,CA-526,"Amador, Calaveras, Mariposa, Tuolumne Counties CoC",35-44,67
2019,CA-526,"Amador, Calaveras, Mariposa, Tuolumne Counties CoC",45-54,57
2019,CA-526,"Amador, Calaveras, Mariposa, Tuolumne Counties CoC",55-64,53
2019,CA-526,"Amador, Calaveras, Mariposa, Tuolumne Counties CoC",65+,13
2019,CA-526,"Amador, Calaveras, Mariposa, Tuolumne Counties CoC",Under 18,118
2019,CA-526,"Amador, Calaveras, Mariposa, Tuolumne Counties CoC",Unknown,*
2019,CA-527,Tehama County CoC,18-24,24
2019,CA-527,Tehama County CoC,25-34,62
2019,CA-527,Tehama County CoC,35-44,73
2019,CA-527,Tehama County CoC,45-54,71
2019,CA-527,Tehama County CoC,55-64,69
2019,CA-527,Tehama County CoC,65+,23
2019,CA-527,Tehama County CoC,Under 18,53
2019,CA-527,Tehama County CoC,Unknown,*
2019,CA-529,Lake County CoC,18-24,15
2019,CA-529,Lake County CoC,25-34,44
2019,CA-529,Lake County CoC,35-44,38
2019,CA-529,Lake County CoC,45-54,12
2019,CA-529,Lake County CoC,55-64,18
2019,CA-529,Lake County CoC,65+,*
2019,CA-529,Lake County CoC,Under 18,116
2019,CA-529,Lake County CoC,Unknown,*
2019,CA-530,"Alpine, Inyo, Mono Counties CoC",18-24,13
2019,CA-530,"Alpine, Inyo, Mono Counties CoC",25-34,29
2019,CA-530,"Alpine, Inyo, Mono Counties CoC",35-44,20
2019,CA-530,"Alpine, Inyo, Mono Counties CoC",45-54,21
2019,CA-530,"Alpine, Inyo, Mono Counties CoC",55-64,23
2019,CA-530,"Alpine, Inyo, Mono Counties CoC",65+,*
2019,CA-530,"Alpine, Inyo, Mono Counties CoC",Under 18,42
2019,CA-530,"Alpine, Inyo, Mono Counties CoC",Unknown,*
2019,CA-531,Nevada County CoC,18-24,56
2019,CA-531,Nevada County CoC,25-34,116
2019,CA-531,Nevada County CoC,35-44,119
2019,CA-531,Nevada County CoC,45-54,130
2019,CA-531,Nevada County CoC,55-64,139
2019,CA-531,Nevada County CoC,65+,48
2019,CA-531,Nevada County CoC,Under 18,30
2019,CA-531,Nevada County CoC,Unknown,*
2019,CA-600,Los Angeles County CoC,18-24,8014
2019,CA-600,Los Angeles County CoC,25-34,14736
2019,CA-600,Los Angeles County CoC,35-44,13109
2019,CA-600,Los Angeles County CoC,45-54,12972
2019,CA-600,Los Angeles County CoC,55-64,11641
2019,CA-600,Los Angeles County CoC,65+,3921
2019,CA-600,Los Angeles County CoC,Under 18,16970
2019,CA-600,Los Angeles County CoC,Unknown,6225
2019,CA-601,San Diego County CoC,18-24,966
2019,CA-601,San Diego County CoC,25-34,2495
2019,CA-601,San Diego County CoC,35-44,2473
2019,CA-601,San Diego County CoC,45-54,2827
2019,CA-601,San Diego County CoC,55-64,3033
2019,CA-601,San Diego County CoC,65+,958
2019,CA-601,San Diego County CoC,Under 18,3137
2019,CA-601,San Diego County CoC,Unknown,507
2019,CA-602,Orange County CoC,18-24,655
2019,CA-602,Orange County CoC,25-34,1927
2019,CA-602,Orange County CoC,35-44,1898
2019,CA-602,Orange County CoC,45-54,2056
2019,CA-602,Orange County CoC,55-64,1785
2019,CA-602,Orange County CoC,65+,594
2019,CA-602,Orange County CoC,Under 18,2826
2019,CA-602,Orange County CoC,Unknown,879
2019,CA-603,Santa Barbara County CoC,18-24,162
2019,CA-603,Santa Barbara County CoC,25-34,450
2019,CA-603,Santa Barbara County CoC,35-44,473
2019,CA-603,Santa Barbara County CoC,45-54,499
2019,CA-603,Santa Barbara County CoC,55-64,572
2019,CA-603,Santa Barbara County CoC,65+,215
2019,CA-603,Santa Barbara County CoC,Under 18,424
2019,CA-603,Santa Barbara County CoC,Unknown,41
2019,CA-604,Kern County CoC,18-24,370
2019,CA-604,Kern County CoC,25-34,716
2019,CA-604,Kern County CoC,35-44,608
2019,CA-604,Kern County CoC,45-54,520
2019,CA-604,Kern County CoC,55-64,451
2019,CA-604,Kern County CoC,65+,136
2019,CA-604,Kern County CoC,Under 18,2228
2019,CA-604,Kern County CoC,Unknown,140
2019,CA-606,Long Beach CoC (Los Angeles County),18-24,185
2019,CA-606,Long Beach CoC (Los Angeles County),25-34,482
2019,CA-606,Long Beach CoC (Los Angeles County),35-44,419
2019,CA-606,Long Beach CoC (Los Angeles County),45-54,536
2019,CA-606,Long Beach CoC (Los Angeles County),55-64,637
2019,CA-606,Long Beach CoC (Los Angeles County),65+,239
2019,CA-606,Long Beach CoC (Los Angeles County),Under 18,734
2019,CA-606,Long Beach CoC (Los Angeles County),Unknown,33
2019,CA-607,Pasadena CoC (Los Angeles County),18-24,103
2019,CA-607,Pasadena CoC (Los Angeles County),25-34,168
2019,CA-607,Pasadena CoC (Los Angeles County),35-44,164
2019,CA-607,Pasadena CoC (Los Angeles County),45-54,181
2019,CA-607,Pasadena CoC (Los Angeles County),55-64,193
2019,CA-607,Pasadena CoC (Los Angeles County),65+,70
2019,CA-607,Pasadena CoC (Los Angeles County),Under 18,216
2019,CA-607,Pasadena CoC (Los Angeles County),Unknown,18
2019,CA-608,Riverside County CoC,18-24,683
2019,CA-608,Riverside County CoC,25-34,1473
2019,CA-608,Riverside County CoC,35-44,1263
2019,CA-608,Riverside County CoC,45-54,1163
2019,CA-608,Riverside County CoC,55-64,993
2019,CA-608,Riverside County CoC,65+,381
2019,CA-608,Riverside County CoC,Under 18,1991
2019,CA-608,Riverside County CoC,Unknown,105
2019,CA-609,San Bernardino County CoC,18-24,687
2019,CA-609,San Bernardino County CoC,25-34,1214
2019,CA-609,San Bernardino County CoC,35-44,1040
2019,CA-609,San Bernardino County CoC,45-54,771
2019,CA-609,San Bernardino County CoC,55-64,702
2019,CA-609,San Bernardino County CoC,65+,201
2019,CA-609,San Bernardino County CoC,Under 18,3218
2019,CA-609,San Bernardino County CoC,Unknown,254
2019,CA-611,Ventura County CoC,18-24,127
2019,CA-611,Ventura County CoC,25-34,250
2019,CA-611,Ventura County CoC,35-44,334
2019,CA-611,Ventura County CoC,45-54,350
2019,CA-611,Ventura County CoC,55-64,337
2019,CA-611,Ventura County CoC,65+,139
2019,CA-611,Ventura County CoC,Under 18,503
2019,CA-611,Ventura County CoC,Unknown,22
2019,CA-612,Glendale CoC (Los Angeles County),18-24,25
2019,CA-612,Glendale CoC (Los Angeles County),25-34,69
2019,CA-612,Glendale CoC (Los Angeles County),35-44,53
2019,CA-612,Glendale CoC (Los Angeles County),45-54,47
2019,CA-612,Glendale CoC (Los Angeles County),55-64,50
2019,CA-612,Glendale CoC (Los Angeles County),65+,19
2019,CA-612,Glendale CoC (Los Angeles County),Under 18,168
2019,CA-612,Glendale CoC (Los Angeles County),Unknown,*
2019,CA-613,Imperial County CoC,18-24,70
2019,CA-613,Imperial County CoC,25-34,117
2019,CA-613,Imperial County CoC,35-44,101
2019,CA-613,Imperial County CoC,45-54,91
2019,CA-613,Imperial County CoC,55-64,82
2019,CA-613,Imperial County CoC,65+,41
2019,CA-613,Imperial County CoC,Under 18,306
2019,CA-613,Imperial County CoC,Unknown,21
2019,CA-614,San Luis Obispo County CoC,18-24,152
2019,CA-614,San Luis Obispo County CoC,25-34,349
2019,CA-614,San Luis Obispo County CoC,35-44,280
2019,CA-614,San Luis Obispo County CoC,45-54,288
2019,CA-614,San Luis Obispo County CoC,55-64,253
2019,CA-614,San Luis Obispo County CoC,65+,129
2019,CA-614,San Luis Obispo County CoC,Under 18,567
2019,CA-614,San Luis Obispo County CoC,Unknown,43
2020,All,California,18-24,20367
2020,All,California,25-34,41455
2020,All,California,35-44,40958
2020,All,California,45-54,38798
2020,All,California,55-64,38107
2020,All,California,65+,15251
2020,All,California,Under 18,56428
2020,All,California,Unknown,8875
2020,CA-500,Santa Clara County CoC,18-24,980
2020,CA-500,Santa Clara County CoC,25-34,1997
2020,CA-500,Santa Clara County CoC,35-44,2138
2020,CA-500,Santa Clara County CoC,45-54,2145
2020,CA-500,Santa Clara County CoC,55-64,2234
2020,CA-500,Santa Clara County CoC,65+,956
2020,CA-500,Santa Clara County CoC,Under 18,3060
2020,CA-500,Santa Clara County CoC,Unknown,165
2020,CA-501,San Francisco CoC,18-24,1077
2020,CA-501,San Francisco CoC,25-34,1835
2020,CA-501,San Francisco CoC,35-44,1802
2020,CA-501,San Francisco CoC,45-54,1705
2020,CA-501,San Francisco CoC,55-64,1698
2020,CA-501,San Francisco CoC,65+,754
2020,CA-501,San Francisco CoC,Under 18,2700
2020,CA-501,San Francisco CoC,Unknown,173
2020,CA-502,Alameda County CoC,18-24,773
2020,CA-502,Alameda County CoC,25-34,1349
2020,CA-502,Alameda County CoC,35-44,1421
2020,CA-502,Alameda County CoC,45-54,1515
2020,CA-502,Alameda County CoC,55-64,1699
2020,CA-502,Alameda County CoC,65+,731
2020,CA-502,Alameda County CoC,Under 18,1741
2020,CA-502,Alameda County CoC,Unknown,100
2020,CA-503,Sacramento County CoC,18-24,961
2020,CA-503,Sacramento County CoC,25-34,1288
2020,CA-503,Sacramento County CoC,35-44,1233
2020,CA-503,Sacramento County CoC,45-54,1347
2020,CA-503,Sacramento County CoC,55-64,1469
2020,CA-503,Sacramento County CoC,65+,511
2020,CA-503,Sacramento County CoC,Under 18,3070
2020,CA-503,Sacramento County CoC,Unknown,156
2020,CA-504,Sonoma County CoC,18-24,326
2020,CA-504,Sonoma County CoC,25-34,535
2020,CA-504,Sonoma County CoC,35-44,620
2020,CA-504,Sonoma County CoC,45-54,720
2020,CA-504,Sonoma County CoC,55-64,687
2020,CA-504,Sonoma County CoC,65+,299
2020,CA-504,Sonoma County CoC,Under 18,680
2020,CA-504,Sonoma County CoC,Unknown,37
2020,CA-505,Contra Costa County CoC,18-24,414
2020,CA-505,Contra Costa County CoC,25-34,960
2020,CA-505,Contra Costa County CoC,35-44,1022
2020,CA-505,Contra Costa County CoC,45-54,980
2020,CA-505,Contra Costa County CoC,55-64,1135
2020,CA-505,Contra Costa County CoC,65+,469
2020,CA-505,Contra Costa County CoC,Under 18,1162
2020,CA-505,Contra Costa County CoC,Unknown,54
2020,CA-506,"Monterey, San Benito Counties CoC",18-24,121
2020,CA-506,"Monterey, San Benito Counties CoC",25-34,237
2020,CA-506,"Monterey, San Benito Counties CoC",35-44,298
2020,CA-506,"Monterey, San Benito Counties CoC",45-54,270
2020,CA-506,"Monterey, San Benito Counties CoC",55-64,312
2020,CA-506,"Monterey, San Benito Counties CoC",65+,145
2020,CA-506,"Monterey, San Benito Counties CoC",Under 18,312
2020,CA-506,"Monterey, San Benito Counties CoC",Unknown,21
2020,CA-507,Marin County CoC,18-24,56
2020,CA-507,Marin County CoC,25-34,154
2020,CA-507,Marin County CoC,35-44,152
2020,CA-507,Marin County CoC,45-54,155
2020,CA-507,Marin County CoC,55-64,177
2020,CA-507,Marin County CoC,65+,111
2020,CA-507,Marin County CoC,Under 18,319
2020,CA-507,Marin County CoC,Unknown,15
2020,CA-508,Santa Cruz County CoC,18-24,160
2020,CA-508,Santa Cruz County CoC,25-34,415
2020,CA-508,Santa Cruz County CoC,35-44,441
2020,CA-508,Santa Cruz County CoC,45-54,401
2020,CA-508,Santa Cruz County CoC,55-64,378
2020,CA-508,Santa Cruz County CoC,65+,231
2020,CA-508,Santa Cruz County CoC,Under 18,576
2020,CA-508,Santa Cruz County CoC,Unknown,56
2020,CA-509,Mendocino County CoC,18-24,58
2020,CA-509,Mendocino County CoC,25-34,166
2020,CA-509,Mendocino County CoC,35-44,193
2020,CA-509,Mendocino County CoC,45-54,201
2020,CA-509,Mendocino County CoC,55-64,154
2020,CA-509,Mendocino County CoC,65+,79
2020,CA-509,Mendocino County CoC,Under 18,135
2020,CA-509,Mendocino County CoC,Unknown,*
2020,CA-510,Stanislaus County CoC,18-24,423
2020,CA-510,Stanislaus County CoC,25-34,781
2020,CA-510,Stanislaus County CoC,35-44,803
2020,CA-510,Stanislaus County CoC,45-54,640
2020,CA-510,Stanislaus County CoC,55-64,651
2020,CA-510,Stanislaus County CoC,65+,194
2020,CA-510,Stanislaus County CoC,Under 18,1345
2020,CA-510,Stanislaus County CoC,Unknown,68
2020,CA-511,San Joaquin County CoC,18-24,621
2020,CA-511,San Joaquin County CoC,25-34,1323
2020,CA-511,San Joaquin County CoC,35-44,1079
2020,CA-511,San Joaquin County CoC,45-54,831
2020,CA-511,San Joaquin County CoC,55-64,682
2020,CA-511,San Joaquin County CoC,65+,290
2020,CA-511,San Joaquin County CoC,Under 18,2902
2020,CA-511,San Joaquin County CoC,Unknown,124
2020,CA-512,San Mateo County CoC,18-24,244
2020,CA-512,San Mateo County CoC,25-34,710
2020,CA-512,San Mateo County CoC,35-44,663
2020,CA-512,San Mateo County CoC,45-54,726
2020,CA-512,San Mateo County CoC,55-64,780
2020,CA-512,San Mateo County CoC,65+,301
2020,CA-512,San Mateo County CoC,Under 18,997
2020,CA-512,San Mateo County CoC,Unknown,61
2020,CA-513,"Kings, Tulare Counties CoC",18-24,322
2020,CA-513,"Kings, Tulare Counties CoC",25-34,619
2020,CA-513,"Kings, Tulare Counties CoC",35-44,645
2020,CA-513,"Kings, Tulare Counties CoC",45-54,494
2020,CA-513,"Kings, Tulare Counties CoC",55-64,340
2020,CA-513,"Kings, Tulare Counties CoC",65+,90
2020,CA-513,"Kings, Tulare Counties CoC",Under 18,1026
2020,CA-513,"Kings, Tulare Counties CoC",Unknown,52
2020,CA-514,"Fresno, Madera Counties CoC",18-24,328
2020,CA-514,"Fresno, Madera Counties CoC",25-34,644
2020,CA-514,"Fresno, Madera Counties CoC",35-44,785
2020,CA-514,"Fresno, Madera Counties CoC",45-54,750
2020,CA-514,"Fresno, Madera Counties CoC",55-64,642
2020,CA-514,"Fresno, Madera Counties CoC",65+,245
2020,CA-514,"Fresno, Madera Counties CoC",Under 18,832
2020,CA-514,"Fresno, Madera Counties CoC",Unknown,55
2020,CA-515,Placer County CoC,18-24,108
2020,CA-515,Placer County CoC,25-34,305
2020,CA-515,Placer County CoC,35-44,303
2020,CA-515,Placer County CoC,45-54,309
2020,CA-515,Placer County CoC,55-64,253
2020,CA-515,Placer County CoC,65+,117
2020,CA-515,Placer County CoC,Under 18,355
2020,CA-515,Placer County CoC,Unknown,23
2020,CA-516,"Shasta, Siskiyou, Lassen, Plumas, Del Norte, Modoc, Sierra Counties CoC",18-24,82
2020,CA-516,"Shasta, Siskiyou, Lassen, Plumas, Del Norte, Modoc, Sierra Counties CoC",25-34,234
2020,CA-516,"Shasta, Siskiyou, Lassen, Plumas, Del Norte, Modoc, Sierra Counties CoC",35-44,210
2020,CA-516,"Shasta, Siskiyou, Lassen, Plumas, Del Norte, Modoc, Sierra Counties CoC",45-54,178
2020,CA-516,"Shasta, Siskiyou, Lassen, Plumas, Del Norte, Modoc, Sierra Counties CoC",55-64,253
2020,CA-516,"Shasta, Siskiyou, Lassen, Plumas, Del Norte, Modoc, Sierra Counties CoC",65+,105
2020,CA-516,"Shasta, Siskiyou, Lassen, Plumas, Del Norte, Modoc, Sierra Counties CoC",Under 18,214
2020,CA-516,"Shasta, Siskiyou, Lassen, Plumas, Del Norte, Modoc, Sierra Counties CoC",Unknown,201
2020,CA-517,Napa County CoC,18-24,115
2020,CA-517,Napa County CoC,25-34,252
2020,CA-517,Napa County CoC,35-44,234
2020,CA-517,Napa County CoC,45-54,260
2020,CA-517,Napa County CoC,55-64,214
2020,CA-517,Napa County CoC,65+,108
2020,CA-517,Napa County CoC,Under 18,199
2020,CA-517,Napa County CoC,Unknown,*
2020,CA-518,Solano County CoC,18-24,77
2020,CA-518,Solano County CoC,25-34,227
2020,CA-518,Solano County CoC,35-44,259
2020,CA-518,Solano County CoC,45-54,253
2020,CA-518,Solano County CoC,55-64,273
2020,CA-518,Solano County CoC,65+,124
2020,CA-518,Solano County CoC,Under 18,221
2020,CA-518,Solano County CoC,Unknown,*
2020,CA-519,Butte County CoC,18-24,121
2020,CA-519,Butte County CoC,25-34,316
2020,CA-519,Butte County CoC,35-44,327
2020,CA-519,Butte County CoC,45-54,305
2020,CA-519,Butte County CoC,55-64,306
2020,CA-519,Butte County CoC,65+,154
2020,CA-519,Butte County CoC,Under 18,303
2020,CA-519,Butte County CoC,Unknown,29
2020,CA-520,Merced County CoC,18-24,344
2020,CA-520,Merced County CoC,25-34,646
2020,CA-520,Merced County CoC,35-44,500
2020,CA-520,Merced County CoC,45-54,255
2020,CA-520,Merced County CoC,55-64,203
2020,CA-520,Merced County CoC,65+,59
2020,CA-520,Merced County CoC,Under 18,1776
2020,CA-520,Merced County CoC,Unknown,99
2020,CA-521,Yolo County CoC,18-24,101
2020,CA-521,Yolo County CoC,25-34,224
2020,CA-521,Yolo County CoC,35-44,267
2020,CA-521,Yolo County CoC,45-54,224
2020,CA-521,Yolo County CoC,55-64,241
2020,CA-521,Yolo County CoC,65+,110
2020,CA-521,Yolo County CoC,Under 18,419
2020,CA-521,Yolo County CoC,Unknown,20
2020,CA-522,Humboldt County CoC,18-24,78
2020,CA-522,Humboldt County CoC,25-34,234
2020,CA-522,Humboldt County CoC,35-44,504
2020,CA-522,Humboldt County CoC,45-54,315
2020,CA-522,Humboldt County CoC,55-64,252
2020,CA-522,Humboldt County CoC,65+,140
2020,CA-522,Humboldt County CoC,Under 18,212
2020,CA-522,Humboldt County CoC,Unknown,37
2020,CA-523,"Colusa, Glenn, Trinity Counties CoC",18-24,66
2020,CA-523,"Colusa, Glenn, Trinity Counties CoC",25-34,103
2020,CA-523,"Colusa, Glenn, Trinity Counties CoC",35-44,54
2020,CA-523,"Colusa, Glenn, Trinity Counties CoC",45-54,31
2020,CA-523,"Colusa, Glenn, Trinity Counties CoC",55-64,33
2020,CA-523,"Colusa, Glenn, Trinity Counties CoC",65+,16
2020,CA-523,"Colusa, Glenn, Trinity Counties CoC",Under 18,198
2020,CA-523,"Colusa, Glenn, Trinity Counties CoC",Unknown,19
2020,CA-524,"Yuba, Sutter Counties CoC",18-24,52
2020,CA-524,"Yuba, Sutter Counties CoC",25-34,104
2020,CA-524,"Yuba, Sutter Counties CoC",35-44,92
2020,CA-524,"Yuba, Sutter Counties CoC",45-54,61
2020,CA-524,"Yuba, Sutter Counties CoC",55-64,75
2020,CA-524,"Yuba, Sutter Counties CoC",65+,41
2020,CA-524,"Yuba, Sutter Counties CoC",Under 18,276
2020,CA-524,"Yuba, Sutter Counties CoC",Unknown,19
2020,CA-525,El Dorado County CoC,18-24,*
2020,CA-525,El Dorado County CoC,25-34,16
2020,CA-525,El Dorado County CoC,35-44,25
2020,CA-525,El Dorado County CoC,45-54,29
2020,CA-525,El Dorado County CoC,55-64,56
2020,CA-525,El Dorado County CoC,65+,35
2020,CA-525,El Dorado County CoC,Under 18,107
2020,CA-525,El Dorado County CoC,Unknown,*
2020,CA-526,"Amador, Calaveras, Mariposa, Tuolumne Counties CoC",18-24,23
2020,CA-526,"Amador, Calaveras, Mariposa, Tuolumne Counties CoC",25-34,54
2020,CA-526,"Amador, Calaveras, Mariposa, Tuolumne Counties CoC",35-44,74
2020,CA-526,"Amador, Calaveras, Mariposa, Tuolumne Counties CoC",45-54,49
2020,CA-526,"Amador, Calaveras, Mariposa, Tuolumne Counties CoC",55-64,68
2020,CA-526,"Amador, Calaveras, Mariposa, Tuolumne Counties CoC",65+,18
2020,CA-526,"Amador, Calaveras, Mariposa, Tuolumne Counties CoC",Under 18,99
2020,CA-526,"Amador, Calaveras, Mariposa, Tuolumne Counties CoC",Unknown,*
2020,CA-527,Tehama County CoC,18-24,32
2020,CA-527,Tehama County CoC,25-34,86
2020,CA-527,Tehama County CoC,35-44,91
2020,CA-527,Tehama County CoC,45-54,65
2020,CA-527,Tehama County CoC,55-64,80
2020,CA-527,Tehama County CoC,65+,32
2020,CA-527,Tehama County CoC,Under 18,53
2020,CA-527,Tehama County CoC,Unknown,*
2020,CA-529,Lake County CoC,18-24,20
2020,CA-529,Lake County CoC,25-34,34
2020,CA-529,Lake County CoC,35-44,38
2020,CA-529,Lake County CoC,45-54,24
2020,CA-529,Lake County CoC,55-64,45
2020,CA-529,Lake County CoC,65+,13
2020,CA-529,Lake County CoC,Under 18,45
2020,CA-529,Lake County CoC,Unknown,*
2020,CA-530,"Alpine, Inyo, Mono Counties CoC",18-24,14
2020,CA-530,"Alpine, Inyo, Mono Counties CoC",25-34,39
2020,CA-530,"Alpine, Inyo, Mono Counties CoC",35-44,33
2020,CA-530,"Alpine, Inyo, Mono Counties CoC",45-54,27
2020,CA-530,"Alpine, Inyo, Mono Counties CoC",55-64,36
2020,CA-530,"Alpine, Inyo, Mono Counties CoC",65+,22
2020,CA-530,"Alpine, Inyo, Mono Counties CoC",Under 18,48
2020,CA-530,"Alpine, Inyo, Mono Counties CoC",Unknown,*
2020,CA-531,Nevada County CoC,18-24,38
2020,CA-531,Nevada County CoC,25-34,107
2020,CA-531,Nevada County CoC,35-44,113
2020,CA-531,Nevada County CoC,45-54,123
2020,CA-531,Nevada County CoC,55-64,125
2020,CA-531,Nevada County CoC,65+,44
2020,CA-531,Nevada County CoC,Under 18,23
2020,CA-531,Nevada County CoC,Unknown,*
2020,CA-600,Los Angeles County CoC,18-24,7634
2020,CA-600,Los Angeles County CoC,25-34,15575
2020,CA-600,Los Angeles County CoC,35-44,14989
2020,CA-600,Los Angeles County CoC,45-54,14059
2020,CA-600,Los Angeles County CoC,55-64,12942
2020,CA-600,Los Angeles County CoC,65+,4741
2020,CA-600,Los Angeles County CoC,Under 18,15010
2020,CA-600,Los Angeles County CoC,Unknown,5445
2020,CA-601,San Diego County CoC,18-24,1626
2020,CA-601,San Diego County CoC,25-34,3256
2020,CA-601,San Diego County CoC,35-44,3245
2020,CA-601,San Diego County CoC,45-54,3445
2020,CA-601,San Diego County CoC,55-64,3642
2020,CA-601,San Diego County CoC,65+,1428
2020,CA-601,San Diego County CoC,Under 18,3288
2020,CA-601,San Diego County CoC,Unknown,948
2020,CA-602,Orange County CoC,18-24,624
2020,CA-602,Orange County CoC,25-34,2030
2020,CA-602,Orange County CoC,35-44,1924
2020,CA-602,Orange County CoC,45-54,2072
2020,CA-602,Orange County CoC,55-64,2074
2020,CA-602,Orange County CoC,65+,818
2020,CA-602,Orange County CoC,Under 18,2811
2020,CA-602,Orange County CoC,Unknown,194
2020,CA-603,Santa Barbara County CoC,18-24,207
2020,CA-603,Santa Barbara County CoC,25-34,428
2020,CA-603,Santa Barbara County CoC,35-44,488
2020,CA-603,Santa Barbara County CoC,45-54,469
2020,CA-603,Santa Barbara County CoC,55-64,569
2020,CA-603,Santa Barbara County CoC,65+,238
2020,CA-603,Santa Barbara County CoC,Under 18,516
2020,CA-603,Santa Barbara County CoC,Unknown,39
2020,CA-604,Kern County CoC,18-24,382
2020,CA-604,Kern County CoC,25-34,820
2020,CA-604,Kern County CoC,35-44,826
2020,CA-604,Kern County CoC,45-54,716
2020,CA-604,Kern County CoC,55-64,606
2020,CA-604,Kern County CoC,65+,175
2020,CA-604,Kern County CoC,Under 18,2115
2020,CA-604,Kern County CoC,Unknown,124
2020,CA-606,Long Beach CoC (Los Angeles County),18-24,195
2020,CA-606,Long Beach CoC (Los Angeles County),25-34,514
2020,CA-606,Long Beach CoC (Los Angeles County),35-44,481
2020,CA-606,Long Beach CoC (Los Angeles County),45-54,582
2020,CA-606,Long Beach CoC (Los Angeles County),55-64,706
2020,CA-606,Long Beach CoC (Los Angeles County),65+,367
2020,CA-606,Long Beach CoC (Los Angeles County),Under 18,694
2020,CA-606,Long Beach CoC (Los Angeles County),Unknown,47
2020,CA-607,Pasadena CoC (Los Angeles County),18-24,80
2020,CA-607,Pasadena CoC (Los Angeles County),25-34,140
2020,CA-607,Pasadena CoC (Los Angeles County),35-44,128
2020,CA-607,Pasadena CoC (Los Angeles County),45-54,147
2020,CA-607,Pasadena CoC (Los Angeles County),55-64,186
2020,CA-607,Pasadena CoC (Los Angeles County),65+,72
2020,CA-607,Pasadena CoC (Los Angeles County),Under 18,171
2020,CA-607,Pasadena CoC (Los Angeles County),Unknown,*
2020,CA-608,Riverside County CoC,18-24,751
2020,CA-608,Riverside County CoC,25-34,1561
2020,CA-608,Riverside County CoC,35-44,1454
2020,CA-608,Riverside County CoC,45-54,1236
2020,CA-608,Riverside County CoC,55-64,1167
2020,CA-608,Riverside County CoC,65+,552
2020,CA-608,Riverside County CoC,Under 18,2221
2020,CA-608,Riverside County CoC,Unknown,136
2020,CA-609,San Bernardino County CoC,18-24,819
2020,CA-609,San Bernardino County CoC,25-34,1390
2020,CA-609,San Bernardino County CoC,35-44,1202
2020,CA-609,San Bernardino County CoC,45-54,930
2020,CA-609,San Bernardino County CoC,55-64,935
2020,CA-609,San Bernardino County CoC,65+,357
2020,CA-609,San Bernardino County CoC,Under 18,3544
2020,CA-609,San Bernardino County CoC,Unknown,223
2020,CA-611,Ventura County CoC,18-24,100
2020,CA-611,Ventura County CoC,25-34,272
2020,CA-611,Ventura County CoC,35-44,375
2020,CA-611,Ventura County CoC,45-54,408
2020,CA-611,Ventura County CoC,55-64,528
2020,CA-611,Ventura County CoC,65+,249
2020,CA-611,Ventura County CoC,Under 18,316
2020,CA-611,Ventura County CoC,Unknown,13
2020,CA-612,Glendale CoC (Los Angeles County),18-24,29
2020,CA-612,Glendale CoC (Los Angeles County),25-34,78
2020,CA-612,Glendale CoC (Los Angeles County),35-44,50
2020,CA-612,Glendale CoC (Los Angeles County),45-54,57
2020,CA-612,Glendale CoC (Los Angeles County),55-64,76
2020,CA-612,Glendale CoC (Los Angeles County),65+,30
2020,CA-612,Glendale CoC (Los Angeles County),Under 18,160
2020,CA-612,Glendale CoC (Los Angeles County),Unknown,16
2020,CA-613,Imperial County CoC,18-24,75
2020,CA-613,Imperial County CoC,25-34,148
2020,CA-613,Imperial County CoC,35-44,121
2020,CA-613,Imperial County CoC,45-54,112
2020,CA-613,Imperial County CoC,55-64,100
2020,CA-613,Imperial County CoC,65+,49
2020,CA-613,Imperial County CoC,Under 18,376
2020,CA-613,Imperial County CoC,Unknown,28
2020,CA-614,San Luis Obispo County CoC,18-24,108
2020,CA-614,San Luis Obispo County CoC,25-34,237
2020,CA-614,San Luis Obispo County CoC,35-44,262
2020,CA-614,San Luis Obispo County CoC,45-54,211
2020,CA-614,San Luis Obispo County CoC,55-64,220
2020,CA-614,San Luis Obispo County CoC,65+,112
2020,CA-614,San Luis Obispo County CoC,Under 18,521
2020,CA-614,San Luis Obispo County CoC,Unknown,35
2021,All,California,18-24,21273
2021,All,California,25-34,45120
2021,All,California,35-44,45113
2021,All,California,45-54,41116
2021,All,California,55-64,40803
2021,All,California,65+,16992
2021,All,California,Under 18,58104
2021,All,California,Unknown,10872
2021,CA-500,Santa Clara County CoC,18-24,1127
2021,CA-500,Santa Clara County CoC,25-34,2265
2021,CA-500,Santa Clara County CoC,35-44,2512
2021,CA-500,Santa Clara County CoC,45-54,2268
2021,CA-500,Santa Clara County CoC,55-64,2417
2021,CA-500,Santa Clara County CoC,65+,1027
2021,CA-500,Santa Clara County CoC,Under 18,3391
2021,CA-500,Santa Clara County CoC,Unknown,194
2021,CA-501,San Francisco CoC,18-24,1228
2021,CA-501,San Francisco CoC,25-34,2279
2021,CA-501,San Francisco CoC,35-44,2358
2021,CA-501,San Francisco CoC,45-54,2027
2021,CA-501,San Francisco CoC,55-64,1924
2021,CA-501,San Francisco CoC,65+,907
2021,CA-501,San Francisco CoC,Under 18,3383
2021,CA-501,San Francisco CoC,Unknown,228
2021,CA-502,Alameda County CoC,18-24,795
2021,CA-502,Alameda County CoC,25-34,1537
2021,CA-502,Alameda County CoC,35-44,1505
2021,CA-502,Alameda County CoC,45-54,1635
2021,CA-502,Alameda County CoC,55-64,1868
2021,CA-502,Alameda County CoC,65+,824
2021,CA-502,Alameda County CoC,Under 18,1935
2021,CA-502,Alameda County CoC,Unknown,122
2021,CA-503,Sacramento County CoC,18-24,978
2021,CA-503,Sacramento County CoC,25-34,1348
2021,CA-503,Sacramento County CoC,35-44,1445
2021,CA-503,Sacramento County CoC,45-54,1464
2021,CA-503,Sacramento County CoC,55-64,1621
2021,CA-503,Sacramento County CoC,65+,620
2021,CA-503,Sacramento County CoC,Under 18,2961
2021,CA-503,Sacramento County CoC,Unknown,212
2021,CA-504,Sonoma County CoC,18-24,348
2021,CA-504,Sonoma County CoC,25-34,542
2021,CA-504,Sonoma County CoC,35-44,584
2021,CA-504,Sonoma County CoC,45-54,671
2021,CA-504,Sonoma County CoC,55-64,697
2021,CA-504,Sonoma County CoC,65+,334
2021,CA-504,Sonoma County CoC,Under 18,657
2021,CA-504,Sonoma County CoC,Unknown,52
2021,CA-505,Contra Costa County CoC,18-24,534
2021,CA-505,Contra Costa County CoC,25-34,1070
2021,CA-505,Contra Costa County CoC,35-44,1076
2021,CA-505,Contra Costa County CoC,45-54,1059
2021,CA-505,Contra Costa County CoC,55-64,1131
2021,CA-505,Contra Costa County CoC,65+,473
2021,CA-505,Contra Costa County CoC,Under 18,1387
2021,CA-505,Contra Costa County CoC,Unknown,79
2021,CA-506,"Monterey, San Benito Counties CoC",18-24,183
2021,CA-506,"Monterey, San Benito Counties CoC",25-34,346
2021,CA-506,"Monterey, San Benito Counties CoC",35-44,375
2021,CA-506,"Monterey, San Benito Counties CoC",45-54,301
2021,CA-506,"Monterey, San Benito Counties CoC",55-64,353
2021,CA-506,"Monterey, San Benito Counties CoC",65+,173
2021,CA-506,"Monterey, San Benito Counties CoC",Under 18,342
2021,CA-506,"Monterey, San Benito Counties CoC",Unknown,22
2021,CA-507,Marin County CoC,18-24,110
2021,CA-507,Marin County CoC,25-34,235
2021,CA-507,Marin County CoC,35-44,231
2021,CA-507,Marin County CoC,45-54,255
2021,CA-507,Marin County CoC,55-64,294
2021,CA-507,Marin County CoC,65+,160
2021,CA-507,Marin County CoC,Under 18,327
2021,CA-507,Marin County CoC,Unknown,198
2021,CA-508,Santa Cruz County CoC,18-24,167
2021,CA-508,Santa Cruz County CoC,25-34,349
2021,CA-508,Santa Cruz County CoC,35-44,431
2021,CA-508,Santa Cruz County CoC,45-54,370
2021,CA-508,Santa Cruz County CoC,55-64,392
2021,CA-508,Santa Cruz County CoC,65+,254
2021,CA-508,Santa Cruz County CoC,Under 18,649
2021,CA-508,Santa Cruz County CoC,Unknown,65
2021,CA-509,Mendocino County CoC,18-24,66
2021,CA-509,Mendocino County CoC,25-34,223
2021,CA-509,Mendocino County CoC,35-44,266
2021,CA-509,Mendocino County CoC,45-54,232
2021,CA-509,Mendocino County CoC,55-64,166
2021,CA-509,Mendocino County CoC,65+,120
2021,CA-509,Mendocino County CoC,Under 18,239
2021,CA-509,Mendocino County CoC,Unknown,15
2021,CA-510,Stanislaus County CoC,18-24,447
2021,CA-510,Stanislaus County CoC,25-34,845
2021,CA-510,Stanislaus County CoC,35-44,847
2021,CA-510,Stanislaus County CoC,45-54,702
2021,CA-510,Stanislaus County CoC,55-64,711
2021,CA-510,Stanislaus County CoC,65+,244
2021,CA-510,Stanislaus County CoC,Under 18,1137
2021,CA-510,Stanislaus County CoC,Unknown,71
2021,CA-511,San Joaquin County CoC,18-24,559
2021,CA-511,San Joaquin County CoC,25-34,1152
2021,CA-511,San Joaquin County CoC,35-44,978
2021,CA-511,San Joaquin County CoC,45-54,750
2021,CA-511,San Joaquin County CoC,55-64,681
2021,CA-511,San Joaquin County CoC,65+,301
2021,CA-511,San Joaquin County CoC,Under 18,2235
2021,CA-511,San Joaquin County CoC,Unknown,151
2021,CA-512,San Mateo County CoC,18-24,250
2021,CA-512,San Mateo County CoC,25-34,701
2021,CA-512,San Mateo County CoC,35-44,712
2021,CA-512,San Mateo County CoC,45-54,778
2021,CA-512,San Mateo County CoC,55-64,879
2021,CA-512,San Mateo County CoC,65+,376
2021,CA-512,San Mateo County CoC,Under 18,940
2021,CA-512,San Mateo County CoC,Unknown,66
2021,CA-513,"Kings, Tulare Counties CoC",18-24,354
2021,CA-513,"Kings, Tulare Counties CoC",25-34,629
2021,CA-513,"Kings, Tulare Counties CoC",35-44,683
2021,CA-513,"Kings, Tulare Counties CoC",45-54,537
2021,CA-513,"Kings, Tulare Counties CoC",55-64,415
2021,CA-513,"Kings, Tulare Counties CoC",65+,124
2021,CA-513,"Kings, Tulare Counties CoC",Under 18,1246
2021,CA-513,"Kings, Tulare Counties CoC",Unknown,70
2021,CA-514,"Fresno, Madera Counties CoC",18-24,450
2021,CA-514,"Fresno, Madera Counties CoC",25-34,1095
2021,CA-514,"Fresno, Madera Counties CoC",35-44,1267
2021,CA-514,"Fresno, Madera Counties CoC",45-54,1228
2021,CA-514,"Fresno, Madera Counties CoC",55-64,1018
2021,CA-514,"Fresno, Madera Counties CoC",65+,335
2021,CA-514,"Fresno, Madera Counties CoC",Under 18,802
2021,CA-514,"Fresno, Madera Counties CoC",Unknown,75
2021,CA-515,Placer County CoC,18-24,133
2021,CA-515,Placer County CoC,25-34,384
2021,CA-515,Placer County CoC,35-44,370
2021,CA-515,Placer County CoC,45-54,342
2021,CA-515,Placer County CoC,55-64,331
2021,CA-515,Placer County CoC,65+,139
2021,CA-515,Placer County CoC,Under 18,355
2021,CA-515,Placer County CoC,Unknown,37
2021,CA-516,"Shasta, Siskiyou, Lassen, Plumas, Del Norte, Modoc, Sierra Counties CoC",18-24,121
2021,CA-516,"Shasta, Siskiyou, Lassen, Plumas, Del Norte, Modoc, Sierra Counties CoC",25-34,271
2021,CA-516,"Shasta, Siskiyou, Lassen, Plumas, Del Norte, Modoc, Sierra Counties CoC",35-44,315
2021,CA-516,"Shasta, Siskiyou, Lassen, Plumas, Del Norte, Modoc, Sierra Counties CoC",45-54,242
2021,CA-516,"Shasta, Siskiyou, Lassen, Plumas, Del Norte, Modoc, Sierra Counties CoC",55-64,308
2021,CA-516,"Shasta, Siskiyou, Lassen, Plumas, Del Norte, Modoc, Sierra Counties CoC",65+,150
2021,CA-516,"Shasta, Siskiyou, Lassen, Plumas, Del Norte, Modoc, Sierra Counties CoC",Under 18,341
2021,CA-516,"Shasta, Siskiyou, Lassen, Plumas, Del Norte, Modoc, Sierra Counties CoC",Unknown,61
2021,CA-517,Napa County CoC,18-24,53
2021,CA-517,Napa County CoC,25-34,112
2021,CA-517,Napa County CoC,35-44,143
2021,CA-517,Napa County CoC,45-54,162
2021,CA-517,Napa County CoC,55-64,146
2021,CA-517,Napa County CoC,65+,63
2021,CA-517,Napa County CoC,Under 18,82
2021,CA-517,Napa County CoC,Unknown,*
2021,CA-518,Solano County CoC,18-24,86
2021,CA-518,Solano County CoC,25-34,297
2021,CA-518,Solano County CoC,35-44,256
2021,CA-518,Solano County CoC,45-54,247
2021,CA-518,Solano County CoC,55-64,327
2021,CA-518,Solano County CoC,65+,174
2021,CA-518,Solano County CoC,Under 18,210
2021,CA-518,Solano County CoC,Unknown,*
2021,CA-519,Butte County CoC,18-24,161
2021,CA-519,Butte County CoC,25-34,343
2021,CA-519,Butte County CoC,35-44,369
2021,CA-519,Butte County CoC,45-54,328
2021,CA-519,Butte County CoC,55-64,326
2021,CA-519,Butte County CoC,65+,181
2021,CA-519,Butte County CoC,Under 18,349
2021,CA-519,Butte County CoC,Unknown,35
2021,CA-520,Merced County CoC,18-24,428
2021,CA-520,Merced County CoC,25-34,819
2021,CA-520,Merced County CoC,35-44,649
2021,CA-520,Merced County CoC,45-54,390
2021,CA-520,Merced County CoC,55-64,327
2021,CA-520,Merced County CoC,65+,114
2021,CA-520,Merced County CoC,Under 18,1906
2021,CA-520,Merced County CoC,Unknown,101
2021,CA-521,Yolo County CoC,18-24,94
2021,CA-521,Yolo County CoC,25-34,228
2021,CA-521,Yolo County CoC,35-44,240
2021,CA-521,Yolo County CoC,45-54,204
2021,CA-521,Yolo County CoC,55-64,217
2021,CA-521,Yolo County CoC,65+,110
2021,CA-521,Yolo County CoC,Under 18,400
2021,CA-521,Yolo County CoC,Unknown,19
2021,CA-522,Humboldt County CoC,18-24,135
2021,CA-522,Humboldt County CoC,25-34,200
2021,CA-522,Humboldt County CoC,35-44,475
2021,CA-522,Humboldt County CoC,45-54,291
2021,CA-522,Humboldt County CoC,55-64,267
2021,CA-522,Humboldt County CoC,65+,128
2021,CA-522,Humboldt County CoC,Under 18,195
2021,CA-522,Humboldt County CoC,Unknown,44
2021,CA-523,"Colusa, Glenn, Trinity Counties CoC",18-24,72
2021,CA-523,"Colusa, Glenn, Trinity Counties CoC",25-34,117
2021,CA-523,"Colusa, Glenn, Trinity Counties CoC",35-44,98
2021,CA-523,"Colusa, Glenn, Trinity Counties CoC",45-54,80
2021,CA-523,"Colusa, Glenn, Trinity Counties CoC",55-64,64
2021,CA-523,"Colusa, Glenn, Trinity Counties CoC",65+,34
2021,CA-523,"Colusa, Glenn, Trinity Counties CoC",Under 18,207
2021,CA-523,"Colusa, Glenn, Trinity Counties CoC",Unknown,15
2021,CA-524,"Yuba, Sutter Counties CoC",18-24,153
2021,CA-524,"Yuba, Sutter Counties CoC",25-34,344
2021,CA-524,"Yuba, Sutter Counties CoC",35-44,293
2021,CA-524,"Yuba, Sutter Counties CoC",45-54,246
2021,CA-524,"Yuba, Sutter Counties CoC",55-64,287
2021,CA-524,"Yuba, Sutter Counties CoC",65+,138
2021,CA-524,"Yuba, Sutter Counties CoC",Under 18,694
2021,CA-524,"Yuba, Sutter Counties CoC",Unknown,43
2021,CA-525,El Dorado County CoC,18-24,26
2021,CA-525,El Dorado County CoC,25-34,27
2021,CA-525,El Dorado County CoC,35-44,37
2021,CA-525,El Dorado County CoC,45-54,38
2021,CA-525,El Dorado County CoC,55-64,73
2021,CA-525,El Dorado County CoC,65+,47
2021,CA-525,El Dorado County CoC,Under 18,117
2021,CA-525,El Dorado County CoC,Unknown,*
2021,CA-526,"Amador, Calaveras, Mariposa, Tuolumne Counties CoC",18-24,26
2021,CA-526,"Amador, Calaveras, Mariposa, Tuolumne Counties CoC",25-34,69
2021,CA-526,"Amador, Calaveras, Mariposa, Tuolumne Counties CoC",35-44,54
2021,CA-526,"Amador, Calaveras, Mariposa, Tuolumne Counties CoC",45-54,56
2021,CA-526,"Amador, Calaveras, Mariposa, Tuolumne Counties CoC",55-64,61
2021,CA-526,"Amador, Calaveras, Mariposa, Tuolumne Counties CoC",65+,27
2021,CA-526,"Amador, Calaveras, Mariposa, Tuolumne Counties CoC",Under 18,98
2021,CA-526,"Amador, Calaveras, Mariposa, Tuolumne Counties CoC",Unknown,*
2021,CA-527,Tehama County CoC,18-24,22
2021,CA-527,Tehama County CoC,25-34,38
2021,CA-527,Tehama County CoC,35-44,47
2021,CA-527,Tehama County CoC,45-54,28
2021,CA-527,Tehama County CoC,55-64,32
2021,CA-527,Tehama County CoC,65+,18
2021,CA-527,Tehama County CoC,Under 18,74
2021,CA-527,Tehama County CoC,Unknown,23
2021,CA-529,Lake County CoC,18-24,24
2021,CA-529,Lake County CoC,25-34,86
2021,CA-529,Lake County CoC,35-44,67
2021,CA-529,Lake County CoC,45-54,52
2021,CA-529,Lake County CoC,55-64,65
2021,CA-529,Lake County CoC,65+,35
2021,CA-529,Lake County CoC,Under 18,67
2021,CA-529,Lake County CoC,Unknown,*
2021,CA-530,"Alpine, Inyo, Mono Counties CoC",18-24,19
2021,CA-530,"Alpine, Inyo, Mono Counties CoC",25-34,39
2021,CA-530,"Alpine, Inyo, Mono Counties CoC",35-44,35
2021,CA-530,"Alpine, Inyo, Mono Counties CoC",45-54,29
2021,CA-530,"Alpine, Inyo, Mono Counties CoC",55-64,34
2021,CA-530,"Alpine, Inyo, Mono Counties CoC",65+,15
2021,CA-530,"Alpine, Inyo, Mono Counties CoC",Under 18,58
2021,CA-530,"Alpine, Inyo, Mono Counties CoC",Unknown,*
2021,CA-531,Nevada County CoC,18-24,47
2021,CA-531,Nevada County CoC,25-34,123
2021,CA-531,Nevada County CoC,35-44,128
2021,CA-531,Nevada County CoC,45-54,119
2021,CA-531,Nevada County CoC,55-64,148
2021,CA-531,Nevada County CoC,65+,64
2021,CA-531,Nevada County CoC,Under 18,61
2021,CA-531,Nevada County CoC,Unknown,43
2021,CA-600,Los Angeles County CoC,18-24,7029
2021,CA-600,Los Angeles County CoC,25-34,15829
2021,CA-600,Los Angeles County CoC,35-44,15571
2021,CA-600,Los Angeles County CoC,45-54,14019
2021,CA-600,Los Angeles County CoC,55-64,13021
2021,CA-600,Los Angeles County CoC,65+,4988
2021,CA-600,Los Angeles County CoC,Under 18,13683
2021,CA-600,Los Angeles County CoC,Unknown,4215
2021,CA-601,San Diego County CoC,18-24,1862
2021,CA-601,San Diego County CoC,25-34,3885
2021,CA-601,San Diego County CoC,35-44,3668
2021,CA-601,San Diego County CoC,45-54,3662
2021,CA-601,San Diego County CoC,55-64,3756
2021,CA-601,San Diego County CoC,65+,1454
2021,CA-601,San Diego County CoC,Under 18,4242
2021,CA-601,San Diego County CoC,Unknown,598
2021,CA-602,Orange County CoC,18-24,814
2021,CA-602,Orange County CoC,25-34,2228
2021,CA-602,Orange County CoC,35-44,2174
2021,CA-602,Orange County CoC,45-54,2076
2021,CA-602,Orange County CoC,55-64,2093
2021,CA-602,Orange County CoC,65+,877
2021,CA-602,Orange County CoC,Under 18,3400
2021,CA-602,Orange County CoC,Unknown,3345
2021,CA-603,Santa Barbara County CoC,18-24,230
2021,CA-603,Santa Barbara County CoC,25-34,547
2021,CA-603,Santa Barbara County CoC,35-44,621
2021,CA-603,Santa Barbara County CoC,45-54,534
2021,CA-603,Santa Barbara County CoC,55-64,600
2021,CA-603,Santa Barbara County CoC,65+,242
2021,CA-603,Santa Barbara County CoC,Under 18,558
2021,CA-603,Santa Barbara County CoC,Unknown,41
2021,CA-604,Kern County CoC,18-24,613
2021,CA-604,Kern County CoC,25-34,1360
2021,CA-604,Kern County CoC,35-44,1314
2021,CA-604,Kern County CoC,45-54,1111
2021,CA-604,Kern County CoC,55-64,929
2021,CA-604,Kern County CoC,65+,292
2021,CA-604,Kern County CoC,Under 18,2311
2021,CA-604,Kern County CoC,Unknown,144
2021,CA-606,Long Beach CoC (Los Angeles County),18-24,196
2021,CA-606,Long Beach CoC (Los Angeles County),25-34,504
2021,CA-606,Long Beach CoC (Los Angeles County),35-44,539
2021,CA-606,Long Beach CoC (Los Angeles County),45-54,626
2021,CA-606,Long Beach CoC (Los Angeles County),55-64,797
2021,CA-606,Long Beach CoC (Los Angeles County),65+,409
2021,CA-606,Long Beach CoC (Los Angeles County),Under 18,597
2021,CA-606,Long Beach CoC (Los Angeles County),Unknown,90
2021,CA-607,Pasadena CoC (Los Angeles County),18-24,80
2021,CA-607,Pasadena CoC (Los Angeles County),25-34,96
2021,CA-607,Pasadena CoC (Los Angeles County),35-44,92
2021,CA-607,Pasadena CoC (Los Angeles County),45-54,113
2021,CA-607,Pasadena CoC (Los Angeles County),55-64,136
2021,CA-607,Pasadena CoC (Los Angeles County),65+,50
2021,CA-607,Pasadena CoC (Los Angeles County),Under 18,153
2021,CA-607,Pasadena CoC (Los Angeles County),Unknown,27
2021,CA-608,Riverside County CoC,18-24,585
2021,CA-608,Riverside County CoC,25-34,1373
2021,CA-608,Riverside County CoC,35-44,1281
2021,CA-608,Riverside County CoC,45-54,1092
2021,CA-608,Riverside County CoC,55-64,1068
2021,CA-608,Riverside County CoC,65+,509
2021,CA-608,Riverside County CoC,Under 18,2172
2021,CA-608,Riverside County CoC,Unknown,103
2021,CA-609,San Bernardino County CoC,18-24,736
2021,CA-609,San Bernardino County CoC,25-34,1374
2021,CA-609,San Bernardino County CoC,35-44,1183
2021,CA-609,San Bernardino County CoC,45-54,882
2021,CA-609,San Bernardino County CoC,55-64,943
2021,CA-609,San Bernardino County CoC,65+,376
2021,CA-609,San Bernardino County CoC,Under 18,3281
2021,CA-609,San Bernardino County CoC,Unknown,137
2021,CA-611,Ventura County CoC,18-24,97
2021,CA-611,Ventura County CoC,25-34,285
2021,CA-611,Ventura County CoC,35-44,388
2021,CA-611,Ventura County CoC,45-54,455
2021,CA-611,Ventura County CoC,55-64,547
2021,CA-611,Ventura County CoC,65+,285
2021,CA-611,Ventura County CoC,Under 18,268
2021,CA-611,Ventura County CoC,Unknown,22
2021,CA-612,Glendale CoC (Los Angeles County),18-24,34
2021,CA-612,Glendale CoC (Los Angeles County),25-34,82
2021,CA-612,Glendale CoC (Los Angeles County),35-44,72
2021,CA-612,Glendale CoC (Los Angeles County),45-54,68
2021,CA-612,Glendale CoC (Los Angeles County),55-64,96
2021,CA-612,Glendale CoC (Los Angeles County),65+,46
2021,CA-612,Glendale CoC (Los Angeles County),Under 18,132
2021,CA-612,Glendale CoC (Los Angeles County),Unknown,*
2021,CA-613,Imperial County CoC,18-24,135
2021,CA-613,Imperial County CoC,25-34,259
2021,CA-613,Imperial County CoC,35-44,191
2021,CA-613,Imperial County CoC,45-54,128
2021,CA-613,Imperial County CoC,55-64,139
2021,CA-613,Imperial County CoC,65+,89
2021,CA-613,Imperial County CoC,Under 18,679
2021,CA-613,Imperial County CoC,Unknown,65
2021,CA-614,San Luis Obispo County CoC,18-24,173
2021,CA-614,San Luis Obispo County CoC,25-34,388
2021,CA-614,San Luis Obispo County CoC,35-44,412
2021,CA-614,San Luis Obispo County CoC,45-54,307
2021,CA-614,San Luis Obispo County CoC,55-64,298
2021,CA-614,San Luis Obispo County CoC,65+,152
2021,CA-614,San Luis Obispo County CoC,Under 18,616
2021,CA-614,San Luis Obispo County CoC,Unknown,35
2022,All,California,18-24,25046
2022,All,California,25-34,54477
2022,All,California,35-44,55839
2022,All,California,45-54,46531
2022,All,California,55-64,44263
2022,All,California,65+,18537
2022,All,California,Under 18,67913
2022,All,California,Unknown,11228
2022,CA-500,Santa Clara County CoC,18-24,1229
2022,CA-500,Santa Clara County CoC,25-34,2711
2022,CA-500,Santa Clara County CoC,35-44,2860
2022,CA-500,Santa Clara County CoC,45-54,2403
2022,CA-500,Santa Clara County CoC,55-64,2398
2022,CA-500,Santa Clara County CoC,65+,988
2022,CA-500,Santa Clara County CoC,Under 18,4255
2022,CA-500,Santa Clara County CoC,Unknown,283
2022,CA-501,San Francisco CoC,18-24,1521
2022,CA-501,San Francisco CoC,25-34,3585
2022,CA-501,San Francisco CoC,35-44,3574
2022,CA-501,San Francisco CoC,45-54,2725
2022,CA-501,San Francisco CoC,55-64,2207
2022,CA-501,San Francisco CoC,65+,950
2022,CA-501,San Francisco CoC,Under 18,3960
2022,CA-501,San Francisco CoC,Unknown,311
2022,CA-502,Alameda County CoC,18-24,843
2022,CA-502,Alameda County CoC,25-34,1955
2022,CA-502,Alameda County CoC,35-44,1966
2022,CA-502,Alameda County CoC,45-54,1919
2022,CA-502,Alameda County CoC,55-64,2000
2022,CA-502,Alameda County CoC,65+,865
2022,CA-502,Alameda County CoC,Under 18,1961
2022,CA-502,Alameda County CoC,Unknown,119
2022,CA-503,Sacramento County CoC,18-24,1151
2022,CA-503,Sacramento County CoC,25-34,1551
2022,CA-503,Sacramento County CoC,35-44,1703
2022,CA-503,Sacramento County CoC,45-54,1544
2022,CA-503,Sacramento County CoC,55-64,1548
2022,CA-503,Sacramento County CoC,65+,622
2022,CA-503,Sacramento County CoC,Under 18,3429
2022,CA-503,Sacramento County CoC,Unknown,180
2022,CA-504,Sonoma County CoC,18-24,358
2022,CA-504,Sonoma County CoC,25-34,549
2022,CA-504,Sonoma County CoC,35-44,667
2022,CA-504,Sonoma County CoC,45-54,670
2022,CA-504,Sonoma County CoC,55-64,691
2022,CA-504,Sonoma County CoC,65+,366
2022,CA-504,Sonoma County CoC,Under 18,662
2022,CA-504,Sonoma County CoC,Unknown,45
2022,CA-505,Contra Costa County CoC,18-24,721
2022,CA-505,Contra Costa County CoC,25-34,1429
2022,CA-505,Contra Costa County CoC,35-44,1483
2022,CA-505,Contra Costa County CoC,45-54,1349
2022,CA-505,Contra Costa County CoC,55-64,1389
2022,CA-505,Contra Costa County CoC,65+,598
2022,CA-505,Contra Costa County CoC,Under 18,1647
2022,CA-505,Contra Costa County CoC,Unknown,84
2022,CA-506,"Monterey, San Benito Counties CoC",18-24,200
2022,CA-506,"Monterey, San Benito Counties CoC",25-34,380
2022,CA-506,"Monterey, San Benito Counties CoC",35-44,418
2022,CA-506,"Monterey, San Benito Counties CoC",45-54,332
2022,CA-506,"Monterey, San Benito Counties CoC",55-64,368
2022,CA-506,"Monterey, San Benito Counties CoC",65+,205
2022,CA-506,"Monterey, San Benito Counties CoC",Under 18,383
2022,CA-506,"Monterey, San Benito Counties CoC",Unknown,23
2022,CA-507,Marin County CoC,18-24,108
2022,CA-507,Marin County CoC,25-34,265
2022,CA-507,Marin County CoC,35-44,286
2022,CA-507,Marin County CoC,45-54,264
2022,CA-507,Marin County CoC,55-64,305
2022,CA-507,Marin County CoC,65+,172
2022,CA-507,Marin County CoC,Under 18,388
2022,CA-507,Marin County CoC,Unknown,45
2022,CA-508,Santa Cruz County CoC,18-24,145
2022,CA-508,Santa Cruz County CoC,25-34,259
2022,CA-508,Santa Cruz County CoC,35-44,286
2022,CA-508,Santa Cruz County CoC,45-54,258
2022,CA-508,Santa Cruz County CoC,55-64,267
2022,CA-508,Santa Cruz County CoC,65+,208
2022,CA-508,Santa Cruz County CoC,Under 18,629
2022,CA-508,Santa Cruz County CoC,Unknown,55
2022,CA-509,Mendocino County CoC,18-24,95
2022,CA-509,Mendocino County CoC,25-34,264
2022,CA-509,Mendocino County CoC,35-44,333
2022,CA-509,Mendocino County CoC,45-54,273
2022,CA-509,Mendocino County CoC,55-64,207
2022,CA-509,Mendocino County CoC,65+,120
2022,CA-509,Mendocino County CoC,Under 18,311
2022,CA-509,Mendocino County CoC,Unknown,25
2022,CA-510,Stanislaus County CoC,18-24,532
2022,CA-510,Stanislaus County CoC,25-34,1135
2022,CA-510,Stanislaus County CoC,35-44,1207
2022,CA-510,Stanislaus County CoC,45-54,904
2022,CA-510,Stanislaus County CoC,55-64,855
2022,CA-510,Stanislaus County CoC,65+,304
2022,CA-510,Stanislaus County CoC,Under 18,1454
2022,CA-510,Stanislaus County CoC,Unknown,91
2022,CA-511,San Joaquin County CoC,18-24,751
2022,CA-511,San Joaquin County CoC,25-34,1562
2022,CA-511,San Joaquin County CoC,35-44,1424
2022,CA-511,San Joaquin County CoC,45-54,954
2022,CA-511,San Joaquin County CoC,55-64,876
2022,CA-511,San Joaquin County CoC,65+,374
2022,CA-511,San Joaquin County CoC,Under 18,3374
2022,CA-511,San Joaquin County CoC,Unknown,190
2022,CA-512,San Mateo County CoC,18-24,300
2022,CA-512,San Mateo County CoC,25-34,823
2022,CA-512,San Mateo County CoC,35-44,805
2022,CA-512,San Mateo County CoC,45-54,847
2022,CA-512,San Mateo County CoC,55-64,943
2022,CA-512,San Mateo County CoC,65+,418
2022,CA-512,San Mateo County CoC,Under 18,1094
2022,CA-512,San Mateo County CoC,Unknown,75
2022,CA-513,"Kings, Tulare Counties CoC",18-24,478
2022,CA-513,"Kings, Tulare Counties CoC",25-34,970
2022,CA-513,"Kings, Tulare Counties CoC",35-44,917
2022,CA-513,"Kings, Tulare Counties CoC",45-54,625
2022,CA-513,"Kings, Tulare Counties CoC",55-64,443
2022,CA-513,"Kings, Tulare Counties CoC",65+,141
2022,CA-513,"Kings, Tulare Counties CoC",Under 18,2524
2022,CA-513,"Kings, Tulare Counties CoC",Unknown,104
2022,CA-514,"Fresno, Madera Counties CoC",18-24,544
2022,CA-514,"Fresno, Madera Counties CoC",25-34,1452
2022,CA-514,"Fresno, Madera Counties CoC",35-44,1871
2022,CA-514,"Fresno, Madera Counties CoC",45-54,1664
2022,CA-514,"Fresno, Madera Counties CoC",55-64,1327
2022,CA-514,"Fresno, Madera Counties CoC",65+,400
2022,CA-514,"Fresno, Madera Counties CoC",Under 18,874
2022,CA-514,"Fresno, Madera Counties CoC",Unknown,94
2022,CA-515,Placer County CoC,18-24,173
2022,CA-515,Placer County CoC,25-34,471
2022,CA-515,Placer County CoC,35-44,490
2022,CA-515,Placer County CoC,45-54,385
2022,CA-515,Placer County CoC,55-64,350
2022,CA-515,Placer County CoC,65+,139
2022,CA-515,Placer County CoC,Under 18,471
2022,CA-515,Placer County CoC,Unknown,47
2022,CA-516,"Shasta, Siskiyou, Lassen, Plumas, Del Norte, Modoc, Sierra Counties CoC",18-24,133
2022,CA-516,"Shasta, Siskiyou, Lassen, Plumas, Del Norte, Modoc, Sierra Counties CoC",25-34,351
2022,CA-516,"Shasta, Siskiyou, Lassen, Plumas, Del Norte, Modoc, Sierra Counties CoC",35-44,374
2022,CA-516,"Shasta, Siskiyou, Lassen, Plumas, Del Norte, Modoc, Sierra Counties CoC",45-54,278
2022,CA-516,"Shasta, Siskiyou, Lassen, Plumas, Del Norte, Modoc, Sierra Counties CoC",55-64,319
2022,CA-516,"Shasta, Siskiyou, Lassen, Plumas, Del Norte, Modoc, Sierra Counties CoC",65+,180
2022,CA-516,"Shasta, Siskiyou, Lassen, Plumas, Del Norte, Modoc, Sierra Counties CoC",Under 18,450
2022,CA-516,"Shasta, Siskiyou, Lassen, Plumas, Del Norte, Modoc, Sierra Counties CoC",Unknown,48
2022,CA-517,Napa County CoC,18-24,58
2022,CA-517,Napa County CoC,25-34,148
2022,CA-517,Napa County CoC,35-44,184
2022,CA-517,Napa County CoC,45-54,153
2022,CA-517,Napa County CoC,55-64,138
2022,CA-517,Napa County CoC,65+,65
2022,CA-517,Napa County CoC,Under 18,169
2022,CA-517,Napa County CoC,Unknown,13
2022,CA-518,Solano County CoC,18-24,86
2022,CA-518,Solano County CoC,25-34,220
2022,CA-518,Solano County CoC,35-44,226
2022,CA-518,Solano County CoC,45-54,175
2022,CA-518,Solano County CoC,55-64,276
2022,CA-518,Solano County CoC,65+,125
2022,CA-518,Solano County CoC,Under 18,176
2022,CA-518,Solano County CoC,Unknown,*
2022,CA-519,Butte County CoC,18-24,189
2022,CA-519,Butte County CoC,25-34,430
2022,CA-519,Butte County CoC,35-44,520
2022,CA-519,Butte County CoC,45-54,443
2022,CA-519,Butte County CoC,55-64,425
2022,CA-519,Butte County CoC,65+,222
2022,CA-519,Butte County CoC,Under 18,293
2022,CA-519,Butte County CoC,Unknown,79
2022,CA-520,Merced County CoC,18-24,474
2022,CA-520,Merced County CoC,25-34,916
2022,CA-520,Merced County CoC,35-44,742
2022,CA-520,Merced County CoC,45-54,421
2022,CA-520,Merced County CoC,55-64,321
2022,CA-520,Merced County CoC,65+,123
2022,CA-520,Merced County CoC,Under 18,2341
2022,CA-520,Merced County CoC,Unknown,131
2022,CA-521,Yolo County CoC,18-24,87
2022,CA-521,Yolo County CoC,25-34,212
2022,CA-521,Yolo County CoC,35-44,238
2022,CA-521,Yolo County CoC,45-54,172
2022,CA-521,Yolo County CoC,55-64,202
2022,CA-521,Yolo County CoC,65+,83
2022,CA-521,Yolo County CoC,Under 18,407
2022,CA-521,Yolo County CoC,Unknown,18
2022,CA-522,Humboldt County CoC,18-24,188
2022,CA-522,Humboldt County CoC,25-34,347
2022,CA-522,Humboldt County CoC,35-44,684
2022,CA-522,Humboldt County CoC,45-54,429
2022,CA-522,Humboldt County CoC,55-64,390
2022,CA-522,Humboldt County CoC,65+,163
2022,CA-522,Humboldt County CoC,Under 18,309
2022,CA-522,Humboldt County CoC,Unknown,62
2022,CA-523,"Colusa, Glenn, Trinity Counties CoC",18-24,54
2022,CA-523,"Colusa, Glenn, Trinity Counties CoC",25-34,102
2022,CA-523,"Colusa, Glenn, Trinity Counties CoC",35-44,108
2022,CA-523,"Colusa, Glenn, Trinity Counties CoC",45-54,85
2022,CA-523,"Colusa, Glenn, Trinity Counties CoC",55-64,59
2022,CA-523,"Colusa, Glenn, Trinity Counties CoC",65+,19
2022,CA-523,"Colusa, Glenn, Trinity Counties CoC",Under 18,192
2022,CA-523,"Colusa, Glenn, Trinity Counties CoC",Unknown,15
2022,CA-524,"Yuba, Sutter Counties CoC",18-24,151
2022,CA-524,"Yuba, Sutter Counties CoC",25-34,396
2022,CA-524,"Yuba, Sutter Counties CoC",35-44,440
2022,CA-524,"Yuba, Sutter Counties CoC",45-54,294
2022,CA-524,"Yuba, Sutter Counties CoC",55-64,309
2022,CA-524,"Yuba, Sutter Counties CoC",65+,129
2022,CA-524,"Yuba, Sutter Counties CoC",Under 18,842
2022,CA-524,"Yuba, Sutter Counties CoC",Unknown,47
2022,CA-525,El Dorado County CoC,18-24,48
2022,CA-525,El Dorado County CoC,25-34,51
2022,CA-525,El Dorado County CoC,35-44,60
2022,CA-525,El Dorado County CoC,45-54,52
2022,CA-525,El Dorado County CoC,55-64,79
2022,CA-525,El Dorado County CoC,65+,39
2022,CA-525,El Dorado County CoC,Under 18,154
2022,CA-525,El Dorado County CoC,Unknown,17
2022,CA-526,"Amador, Calaveras, Mariposa, Tuolumne Counties CoC",18-24,55
2022,CA-526,"Amador, Calaveras, Mariposa, Tuolumne Counties CoC",25-34,117
2022,CA-526,"Amador, Calaveras, Mariposa, Tuolumne Counties CoC",35-44,133
2022,CA-526,"Amador, Calaveras, Mariposa, Tuolumne Counties CoC",45-54,92
2022,CA-526,"Amador, Calaveras, Mariposa, Tuolumne Counties CoC",55-64,104
2022,CA-526,"Amador, Calaveras, Mariposa, Tuolumne Counties CoC",65+,59
2022,CA-526,"Amador, Calaveras, Mariposa, Tuolumne Counties CoC",Under 18,203
2022,CA-526,"Amador, Calaveras, Mariposa, Tuolumne Counties CoC",Unknown,*
2022,CA-527,Tehama County CoC,18-24,42
2022,CA-527,Tehama County CoC,25-34,94
2022,CA-527,Tehama County CoC,35-44,97
2022,CA-527,Tehama County CoC,45-54,80
2022,CA-527,Tehama County CoC,55-64,64
2022,CA-527,Tehama County CoC,65+,28
2022,CA-527,Tehama County CoC,Under 18,202
2022,CA-527,Tehama County CoC,Unknown,63
2022,CA-529,Lake County CoC,18-24,25
2022,CA-529,Lake County CoC,25-34,66
2022,CA-529,Lake County CoC,35-44,63
2022,CA-529,Lake County CoC,45-54,46
2022,CA-529,Lake County CoC,55-64,63
2022,CA-529,Lake County CoC,65+,30
2022,CA-529,Lake County CoC,Under 18,39
2022,CA-529,Lake County CoC,Unknown,*
2022,CA-530,"Alpine, Inyo, Mono Counties CoC",18-24,*
2022,CA-530,"Alpine, Inyo, Mono Counties CoC",25-34,15
2022,CA-530,"Alpine, Inyo, Mono Counties CoC",35-44,21
2022,CA-530,"Alpine, Inyo, Mono Counties CoC",45-54,17
2022,CA-530,"Alpine, Inyo, Mono Counties CoC",55-64,22
2022,CA-530,"Alpine, Inyo, Mono Counties CoC",65+,14
2022,CA-530,"Alpine, Inyo, Mono Counties CoC",Under 18,21
2022,CA-531,Nevada County CoC,18-24,74
2022,CA-531,Nevada County CoC,25-34,165
2022,CA-531,Nevada County CoC,35-44,178
2022,CA-531,Nevada County CoC,45-54,165
2022,CA-531,Nevada County CoC,55-64,183
2022,CA-531,Nevada County CoC,65+,111
2022,CA-531,Nevada County CoC,Under 18,99
2022,CA-531,Nevada County CoC,Unknown,35
2022,CA-600,Los Angeles County CoC,18-24,7492
2022,CA-600,Los Angeles County CoC,25-34,17719
2022,CA-600,Los Angeles County CoC,35-44,17794
2022,CA-600,Los Angeles County CoC,45-54,14846
2022,CA-600,Los Angeles County CoC,55-64,13522
2022,CA-600,Los Angeles County CoC,65+,5252
2022,CA-600,Los Angeles County CoC,Under 18,14223
2022,CA-600,Los Angeles County CoC,Unknown,3578
2022,CA-601,San Diego County CoC,18-24,1936
2022,CA-601,San Diego County CoC,25-34,4173
2022,CA-601,San Diego County CoC,35-44,4340
2022,CA-601,San Diego County CoC,45-54,3920
2022,CA-601,San Diego County CoC,55-64,3994
2022,CA-601,San Diego County CoC,65+,1654
2022,CA-601,San Diego County CoC,Under 18,5107
2022,CA-601,San Diego County CoC,Unknown,497
2022,CA-602,Orange County CoC,18-24,1840
2022,CA-602,Orange County CoC,25-34,3428
2022,CA-602,Orange County CoC,35-44,3242
2022,CA-602,Orange County CoC,45-54,2697
2022,CA-602,Orange County CoC,55-64,2526
2022,CA-602,Orange County CoC,65+,1051
2022,CA-602,Orange County CoC,Under 18,4434
2022,CA-602,Orange County CoC,Unknown,4007
2022,CA-603,Santa Barbara County CoC,18-24,275
2022,CA-603,Santa Barbara County CoC,25-34,674
2022,CA-603,Santa Barbara County CoC,35-44,692
2022,CA-603,Santa Barbara County CoC,45-54,593
2022,CA-603,Santa Barbara County CoC,55-64,632
2022,CA-603,Santa Barbara County CoC,65+,299
2022,CA-603,Santa Barbara County CoC,Under 18,697
2022,CA-603,Santa Barbara County CoC,Unknown,61
2022,CA-604,Kern County CoC,18-24,721
2022,CA-604,Kern County CoC,25-34,1545
2022,CA-604,Kern County CoC,35-44,1550
2022,CA-604,Kern County CoC,45-54,1188
2022,CA-604,Kern County CoC,55-64,981
2022,CA-604,Kern County CoC,65+,334
2022,CA-604,Kern County CoC,Under 18,2247
2022,CA-604,Kern County CoC,Unknown,162
2022,CA-606,Long Beach CoC (Los Angeles County),18-24,252
2022,CA-606,Long Beach CoC (Los Angeles County),25-34,699
2022,CA-606,Long Beach CoC (Los Angeles County),35-44,773
2022,CA-606,Long Beach CoC (Los Angeles County),45-54,749
2022,CA-606,Long Beach CoC (Los Angeles County),55-64,933
2022,CA-606,Long Beach CoC (Los Angeles County),65+,486
2022,CA-606,Long Beach CoC (Los Angeles County),Under 18,584
2022,CA-606,Long Beach CoC (Los Angeles County),Unknown,46
2022,CA-607,Pasadena CoC (Los Angeles County),18-24,103
2022,CA-607,Pasadena CoC (Los Angeles County),25-34,186
2022,CA-607,Pasadena CoC (Los Angeles County),35-44,169
2022,CA-607,Pasadena CoC (Los Angeles County),45-54,179
2022,CA-607,Pasadena CoC (Los Angeles County),55-64,195
2022,CA-607,Pasadena CoC (Los Angeles County),65+,82
2022,CA-607,Pasadena CoC (Los Angeles County),Under 18,159
2022,CA-607,Pasadena CoC (Los Angeles County),Unknown,42
2022,CA-608,Riverside County CoC,18-24,681
2022,CA-608,Riverside County CoC,25-34,1788
2022,CA-608,Riverside County CoC,35-44,1741
2022,CA-608,Riverside County CoC,45-54,1420
2022,CA-608,Riverside County CoC,55-64,1297
2022,CA-608,Riverside County CoC,65+,524
2022,CA-608,Riverside County CoC,Under 18,2378
2022,CA-608,Riverside County CoC,Unknown,232
2022,CA-609,San Bernardino County CoC,18-24,952
2022,CA-609,San Bernardino County CoC,25-34,1557
2022,CA-609,San Bernardino County CoC,35-44,1530
2022,CA-609,San Bernardino County CoC,45-54,1073
2022,CA-609,San Bernardino County CoC,55-64,1114
2022,CA-609,San Bernardino County CoC,65+,453
2022,CA-609,San Bernardino County CoC,Under 18,3581
2022,CA-609,San Bernardino County CoC,Unknown,156
2022,CA-611,Ventura County CoC,18-24,162
2022,CA-611,Ventura County CoC,25-34,402
2022,CA-611,Ventura County CoC,35-44,454
2022,CA-611,Ventura County CoC,45-54,564
2022,CA-611,Ventura County CoC,55-64,635
2022,CA-611,Ventura County CoC,65+,360
2022,CA-611,Ventura County CoC,Under 18,317
2022,CA-611,Ventura County CoC,Unknown,25
2022,CA-612,Glendale CoC (Los Angeles County),18-24,57
2022,CA-612,Glendale CoC (Los Angeles County),25-34,94
2022,CA-612,Glendale CoC (Los Angeles County),35-44,103
2022,CA-612,Glendale CoC (Los Angeles County),45-54,113
2022,CA-612,Glendale CoC (Los Angeles County),55-64,149
2022,CA-612,Glendale CoC (Los Angeles County),65+,93
2022,CA-612,Glendale CoC (Los Angeles County),Under 18,102
2022,CA-612,Glendale CoC (Los Angeles County),Unknown,*
2022,CA-613,Imperial County CoC,18-24,159
2022,CA-613,Imperial County CoC,25-34,254
2022,CA-613,Imperial County CoC,35-44,208
2022,CA-613,Imperial County CoC,45-54,137
2022,CA-613,Imperial County CoC,55-64,122
2022,CA-613,Imperial County CoC,65+,59
2022,CA-613,Imperial County CoC,Under 18,856
2022,CA-613,Imperial County CoC,Unknown,62
2022,CA-614,San Luis Obispo County CoC,18-24,181
2022,CA-614,San Luis Obispo County CoC,25-34,494
2022,CA-614,San Luis Obispo County CoC,35-44,486
2022,CA-614,San Luis Obispo County CoC,45-54,389
2022,CA-614,San Luis Obispo County CoC,55-64,360
2022,CA-614,San Luis Obispo County CoC,65+,174
2022,CA-614,San Luis Obispo County CoC,Under 18,742
2022,CA-614,San Luis Obispo County CoC,Unknown,62
